Input Voltage,Input Torque,Motor Speed,Motor Torque,dw/dt,dTm/dt,Temperature,Armature Current,Friction Coefficient
3,0.2,-0.0196471,0.033619813,-0.000112508,60122.7955,-0.058841652,0.02486788,0.022615761
3,0.2,7.611953283,0.175016465,0.319081947,4.482262342,29.12368366,2.175585856,-0.001773013
3,0.2,6.383431984,0.243363762,-8.176438798,-2.541433809,29.32272305,2.511880332,0.013438424
3,0.2,6.981818531,0.262984464,10.24640656,-1.040172637,29.6312221,2.551443787,0.056689465
3,0.2,9.486160907,0.188090115,1.973942325,-2.658555412,28.94690389,2.163774027,0.021938147
3,0.2,8.647071622,0.145866839,-5.373496729,-8.142257304,28.93283304,1.999153533,-0.020616528
3,0.2,8.021217279,-0.02487577,-2.37647888,11.43355777,26.99605473,1.74960709,-0.020140453
3,0.2,7.760760939,0.149475627,1.306067637,-2.500931354,27.28644039,1.634879856,0.053336507
3,0.2,8.10436531,0.251436214,-3.546743856,0.32873566,29.62220826,2.595203521,0.013434332
3,0.2,7.763436951,0.153808199,0.687347927,1.917828535,28.38585283,1.840257497,0.005496102
3,0.2,7.943072631,0.227741828,-11.4556398,8.325896763,27.86930478,1.914907873,0.04181421
3,0.2,7.55848374,0.102754719,-1.073607315,7.399634412,28.11759939,2.056556168,0.002590574
3,0.2,8.141126187,0.076137891,-5.244838531,5.441789613,27.1935116,1.49765192,0.031367203
3,0.2,7.726167781,0.044126106,-3.803637304,3.11236364,27.07832941,1.616313535,0.016833331
3,0.2,7.490643836,0.157167587,-11.42979462,-13.64588584,27.08095172,1.778629942,0.017025587
3,0.2,8.29382364,0.261281306,5.05740491,5.808794409,30.29209078,2.727007206,-0.015055087
3,0.2,8.864797992,0.273330971,5.270226482,-1.412782282,30.45674313,2.489217439,0.045038557
3,0.2,8.856465748,0.139044664,7.604156938,-0.86732346,29.61333532,2.120885951,0.034428692
3,0.2,8.084605765,0.126635306,5.421928756,-3.49492634,28.06416154,1.951860493,0.02945363
3,0.2,7.736452523,0.1990783,8.581258928,3.834020397,28.16574506,2.063361546,0.029050293
25.5,2.6,0.004806057,0.001319877,-0.000339649,79114.83584,0.170631726,0.024158227,-0.017124459
25.5,2.6,-7.04523099,4.445164462,825.5224189,-17.899399,62.42637973,35.87242553,0.002764635
25.5,2.6,11.85961806,2.001903351,-10.82842951,1.710830141,409.147604,14.19523012,0.007090364
25.5,2.6,15.91532969,1.659416589,170.237976,-19.69773546,402.2190385,14.3181173,-0.003360037
25.5,2.6,34.46311678,1.737448759,4.468456489,-12.47415501,215.2054829,11.65592304,0.026847275
25.5,2.6,57.14885663,1.936870429,-65.89188628,21.72983996,400.0320053,13.88811486,0.037200404
25.5,2.6,65.63503926,1.574267609,74.19889524,-47.35197003,214.019211,10.73945174,0.028727836
25.5,2.6,62.90838145,1.673634553,23.44996947,-11.86574354,289.1460861,13.8354107,0.039872638
25.5,2.6,59.49040647,1.024600974,-29.75973156,0.29189322,107.1081201,7.849297671,0.03849773
25.5,2.6,66.44713583,0.907671708,-26.12934872,8.542818259,85.04391886,7.092005665,0.043758003
25.5,2.6,74.73442929,1.536400252,57.52012441,-20.39403782,136.4600381,9.495986561,0.013834569
25.5,2.6,62.669417,0.904040223,31.41685297,13.31754003,166.620937,10.21818957,0.04260255
25.5,2.6,59.81330763,1.614442369,58.33677408,-26.62175224,201.4298369,11.15648866,0.034876067
25.5,2.6,49.62683255,1.379801526,-83.5332762,-18.72482686,102.6204484,8.436837257,0.018819626
25.5,2.6,55.01565902,1.23684597,37.05182334,-2.911043971,117.3385865,9.07083381,0.060818789
25.5,2.6,61.14738961,1.539713811,309.7507477,-36.24959716,204.6891425,13.05880325,-0.003197596
25.5,2.6,61.01472454,1.711472165,20.76825056,161.7403345,145.8734624,10.65015891,0.020882218
25.5,2.6,75.19933159,0.970277313,19.91672698,50.46170679,251.5839746,9.671015266,0.021366908
25.5,2.6,68.93704874,1.450053935,-2.360696504,5.345645016,192.8124358,11.71912457,0.009828622
25.5,2.6,67.51669307,1.494406139,18.90801402,10.03120733,185.3719538,11.68680686,0.013257601
14.25,3.8,-0.005388537,-0.028494877,-0.00045322,89111.87411,0.009201259,0.008612502,0.008301032
14.25,3.8,0.137266683,1.705961074,9.842486752,4.441224734,237.1472612,12.35504473,0.022815929
14.25,3.8,10.4541415,1.582881366,5.742157006,-0.242224083,189.6165032,11.2220976,0.003135185
14.25,3.8,12.46241535,1.5127269,-9.223779036,1.578026733,149.5587865,10.34496485,0.028587849
14.25,3.8,19.47588449,1.172243993,-15.83837765,4.439439116,105.8388755,8.489210536,0.026451697
14.25,3.8,40.56825817,1.57975154,199.5985814,-43.66911387,166.2231472,11.13697717,0.023987333
14.25,3.8,47.59740087,0.690602312,216.330673,-23.83278922,109.6574753,7.926591867,-0.008650967
14.25,3.8,55.04604224,0.590793052,151.98852,-20.27981189,43.76134641,5.206907512,0.006830894
14.25,3.8,50.62439246,0.540866326,-41.67763576,7.284484619,43.03997921,4.48459395,-0.006303748
14.25,3.8,37.83643732,0.861455016,2.883566528,15.55473772,58.95064719,6.740650988,0.076028023
14.25,3.8,37.62195503,1.242933053,-39.06056192,16.67468949,125.8231617,9.605050611,0.018099594
14.25,3.8,38.76637464,0.978659556,25.7398354,14.45376656,93.23019597,6.898491281,0.014654305
14.25,3.8,38.92303439,1.192345299,-237.5716847,-9.895790288,77.29017514,6.967422134,-4.73E-05
14.25,3.8,37.04108827,1.217624117,-161.313842,63.09867299,86.94882568,8.040834436,0.013783489
14.25,3.8,38.03663198,0.678411982,71.97811412,-27.75480168,50.29589109,5.003439963,0.004937519
14.25,3.8,39.94261895,0.770593908,48.33652639,-14.88279703,88.69884909,5.494828751,0.006713674
14.25,3.8,41.47925943,1.086463258,49.71056022,-13.10308142,66.36123355,6.098111741,0.059682786
14.25,3.8,41.97135285,0.961877351,21.40571564,-18.99113342,65.78741324,5.81485694,-0.004814654
14.25,3.8,49.21599202,0.94894308,-50.37763868,-1.455001664,66.7128217,6.385596925,0.067345917
14.25,3.8,42.79921741,1.070830025,12.77260269,44.02529585,77.35175227,7.726732081,0.021446525
8.625,3.2,0.014209351,0.032805899,-0.000396435,74500.69015,-0.010862164,-0.007995861,0.023082726
8.625,3.2,-2.251499598,0.050459558,-32.67141253,3.993094916,4.996011231,-0.801099054,0.042769782
8.625,3.2,16.68998257,0.731228268,-6.175522694,2.427861319,47.50117594,5.069523981,0.003955114
8.625,3.2,18.54600719,1.105625481,95.78591148,-3.188417066,89.20762328,8.8191062,-0.00376669
8.625,3.2,20.57709837,1.248635348,-197.1783444,27.47174559,95.68810686,8.381967382,0.022141671
8.625,3.2,21.7202473,1.161684064,-42.1312658,9.273736649,90.88629287,8.178772018,0.01549218
8.625,3.2,19.9520323,1.170239785,42.35377655,-6.862769778,90.81282799,8.37417521,0.007757731
8.625,3.2,29.76936278,0.600366909,42.71258261,-8.331043764,75.16410843,4.919368145,0.020228304
8.625,3.2,30.77705796,0.898794345,-27.80305841,-4.833240784,55.29352383,6.07827341,0.049884456
8.625,3.2,39.19521839,0.306942807,-104.8130456,-26.57457103,32.71626551,2.718657281,0.034883194
8.625,3.2,38.76647312,0.800571777,18.98116835,-31.88245021,56.94132175,5.138924785,0.021232875
8.625,3.2,26.92887132,0.787112709,-40.57753346,10.02352281,55.77411573,6.17517778,0.023982652
8.625,3.2,25.21456369,0.613529916,16.41406985,-9.152961111,41.91789645,4.598258158,-0.022138257
8.625,3.2,26.23335426,0.168516837,85.99265893,39.98294473,33.41190787,2.784399341,0.023749875
8.625,3.2,23.4949681,0.958325678,-14.82435938,4.141885906,65.72617754,7.131424716,0.018942501
8.625,3.2,20.79755137,0.806498361,-54.85270746,-11.74422813,52.26266229,5.716127904,-0.010869847
8.625,3.2,26.26280345,0.436543584,-9.415135251,-6.88254365,35.12284367,3.388086615,0.054688827
8.625,3.2,21.69911727,1.083193948,-25.19746694,13.14950824,54.2779544,7.226826899,0.014784621
8.625,3.2,36.37494619,0.47591996,-72.1574885,3.877877793,41.50862881,3.445793621,0.035864147
8.625,3.2,22.78182787,0.739806006,-117.4981611,99.1256935,45.47653759,5.368684217,0.059065095
31.125,0.8,-0.002200081,-0.017077138,-0.000169294,76586.17894,-0.035271214,-0.010563493,0.036019359
31.125,0.8,4.69637628,4.560527038,-457.72107,0.129927161,277.6430202,25.81209802,-0.00770438
31.125,0.8,36.14072277,2.351396695,-12.0330685,-0.77519769,543.0462205,14.71229555,0.006533809
31.125,0.8,63.49037097,2.03769436,66.20194369,-13.20293892,389.2568078,13.44656181,0.044478226
31.125,0.8,61.48166537,1.821958843,-124.8082639,-42.09373752,362.083202,12.13518853,0.007989276
31.125,0.8,61.82417101,1.702982392,-55.23179736,5.120068812,327.0339258,13.35091367,-0.004520598
31.125,0.8,65.15994797,1.820427787,86.53234625,-145.9269367,308.8378846,13.2663882,0.02745774
31.125,0.8,76.12817397,1.897081263,59.01758305,-37.72998167,307.5838097,13.85898908,0.020498727
31.125,0.8,78.65398971,1.992546407,-89.92923603,31.67933591,361.9034376,13.98754163,0.055973623
31.125,0.8,67.3537241,2.008708027,-4.758399601,0.767036346,399.7771521,15.78179086,0.018172394
31.125,0.8,73.43505353,1.782171847,-40.73174126,32.13194425,437.477636,14.25346602,0.013341444
31.125,0.8,74.06103604,1.472973567,132.7098885,-25.97938512,216.0989022,13.23611605,0.043091668
31.125,0.8,70.52307815,1.500694713,-85.70813171,18.46408492,248.2383953,13.03890575,-0.001324909
31.125,0.8,73.79556303,1.81001905,76.65783763,-25.57302672,242.4953298,12.32211294,-0.001882588
31.125,0.8,72.44115175,0.950026658,-109.9741429,46.00970764,184.7784824,8.823759285,-0.018971103
31.125,0.8,70.20629968,2.056398994,44.66035107,-38.72096281,393.9118021,14.38249413,0.01104745
31.125,0.8,78.84441449,1.522860899,-102.4623894,20.74669138,348.1921219,10.7821446,0.014686484
31.125,0.8,66.8840712,1.591525284,-96.12453171,-1.856704183,196.1930384,11.77013955,0.054970273
31.125,0.8,75.52789582,2.01428391,18.45376143,-28.62520724,390.3266562,14.43525139,0.02673417
31.125,0.8,73.82630911,1.643168917,62.87182844,11.38310066,271.5902077,13.20074083,0.048087875
19.875,2,0.017989377,-0.010134726,-0.000282864,75757.43863,0.073784385,0.048617279,0.02982758
19.875,2,27.15781133,1.823809207,-2.416617058,2.1586912,268.8170144,12.00129473,-0.008634752
19.875,2,23.33376171,1.939235889,-13.10484748,3.888245894,260.9825417,12.84313914,0.040510667
19.875,2,27.93879091,1.753062406,6.683781763,7.507043502,210.9183046,12.85062329,0.032180557
19.875,2,33.22691009,1.455534764,52.90042156,33.6523127,146.8098248,10.20671331,0.002735764
19.875,2,55.17366298,1.140481705,-24.2467985,11.55614627,205.0371003,8.772028911,-0.002086332
19.875,2,48.88621821,1.150251834,194.1373768,-22.03376264,156.2433649,11.14759943,0.007938511
19.875,2,63.49367822,0.301178608,-43.92935664,17.16702653,121.8631971,3.835798299,0.028431427
19.875,2,54.35130041,0.655839432,72.87057961,-7.47640455,64.02323796,5.713956717,0.046174933
19.875,2,52.35503515,1.040699882,-17.54323391,4.393039471,82.66240794,7.544576789,-0.003818632
19.875,2,51.05508483,1.016265947,22.24594355,-1.122824893,82.59369856,7.712763352,0.01417441
19.875,2,48.867902,0.892123128,39.92365139,2.220362113,66.73765016,7.200505056,0.0432017
19.875,2,45.56735508,0.857907149,-1.651076865,0.637356098,75.01461946,7.410723411,0.028101083
19.875,2,46.97002416,0.893317501,-11.79688626,-5.256808761,73.28813646,6.346218117,0.006075463
19.875,2,60.77948414,1.233426903,-53.34127002,25.29085037,189.2749586,11.2777319,0.032276805
19.875,2,50.51637346,0.983607323,-5.270755114,1.24196372,84.28927629,7.483072529,0.022668659
19.875,2,51.59103694,1.32041895,-27.91334024,-35.87699374,96.19031064,7.573209812,0.049697496
19.875,2,54.99493872,1.088206656,94.11430558,-23.94897133,96.14046779,7.529483453,0.019613735
19.875,2,52.07861899,0.904368992,4.511510374,31.83366397,91.20131875,8.249497181,0.021237068
19.875,2,58.79640712,1.179730973,52.63403271,16.63635503,119.9618521,9.829417831,0.02536678
5.8125,4.7,0.09687258,-0.000762474,-0.000538398,70469.6129,0.013886249,0.047510415,0.00668322
5.8125,4.7,5.426768891,0.707160677,0.141744,2.042395082,50.25502089,5.260628068,0.066017085
5.8125,4.7,8.39496893,0.694332787,2.543671625,-0.683379681,44.7390202,4.856977455,0.003434324
5.8125,4.7,10.92456264,0.695609234,0.667398075,6.008278323,48.0628726,4.679191572,0.001093431
5.8125,4.7,14.82279868,0.927657506,-21.32179976,1.695856974,53.86511356,6.003201373,0.0317315
5.8125,4.7,15.59678377,0.824282405,93.9941651,5.401971573,54.89093893,5.775749693,0.011175598
5.8125,4.7,9.366335821,0.759831752,-87.18629525,-2.834048051,41.27106155,4.751611594,0.02356031
5.8125,4.7,17.42599971,1.06516055,-132.5850314,-22.94037265,47.81086704,5.784896038,0.026674232
5.8125,4.7,20.24295105,0.453773071,6.840379801,10.52861621,39.60299591,3.67478892,0.013309286
5.8125,4.7,10.33132745,0.212585026,121.5711436,15.71381685,31.19131556,2.516630119,0.044955519
5.8125,4.7,29.11228666,0.21120298,-111.3855996,-12.17467025,27.8502148,1.300152565,0.046986268
5.8125,4.7,25.07082923,0.198101461,73.48504957,7.069760516,29.10594372,2.696493132,0.022797709
5.8125,4.7,32.92440033,0.225022964,-77.58171011,-2.461347986,29.34117077,2.204071271,0.009570162
5.8125,4.7,33.08103922,0.175884044,-161.9652077,20.65824743,28.80753865,1.669927562,-0.006447047
5.8125,4.7,13.32514318,0.45166389,-53.9598587,-4.873541366,42.9834385,3.271797507,0.027946448
5.8125,4.7,10.92174318,0.376725954,-174.6115364,29.27658947,29.76297826,2.52044854,-0.008072186
5.8125,4.7,32.1977642,0.021607541,133.9248506,-23.33512679,28.32715231,1.479726836,-0.008991009
5.8125,4.7,12.76261487,0.553669824,21.29133433,-15.31501236,39.63922909,4.059660163,0.044982609
5.8125,4.7,11.67380591,0.470272209,65.31867032,-22.62117479,36.62943335,3.520620088,-0.007497247
5.8125,4.7,16.45644455,0.461489079,110.6710746,-0.89393569,35.36283359,3.697563603,0.019886013
28.3125,2.3,-0.010237942,-0.002859469,-0.000311257,81345.36343,0.096146324,0.039232662,0.024115765
28.3125,2.3,5.218086047,3.051213771,-94.08606838,14.39343412,363.8629175,19.80610187,0.020935398
28.3125,2.3,75.99740123,2.00182186,59.54694762,0.3833341,403.9097406,14.75028482,0.04076368
28.3125,2.3,76.02852335,1.958136335,-21.44599925,-59.6919067,415.6626654,14.3051646,0.039067771
28.3125,2.3,79.11614563,0.80617331,19.16483363,-20.98663937,235.5728138,5.133500028,0.061895183
28.3125,2.3,75.56554975,0.426555129,-32.40089317,25.51194003,209.3519495,5.310881116,0.029976895
28.3125,2.3,67.32016303,1.619303683,20.4759649,-26.39871146,173.0651915,11.16660797,-0.013650017
28.3125,2.3,67.03489787,2.827068263,-223.2818275,41.5108298,214.6078034,20.15556733,0.023199933
28.3125,2.3,67.46377434,1.279525544,8.609587255,1.95270847,206.7364816,9.826183956,-0.003960559
28.3125,2.3,77.55094271,1.223515029,-109.0495165,40.09688156,179.843083,9.638810799,0.043322087
28.3125,2.3,72.98125525,2.018690504,72.88270472,-35.90116919,305.9926259,12.89035564,0.050795722
28.3125,2.3,68.64487099,1.154707738,81.43743835,12.80441914,263.898427,10.17697653,0.038371821
28.3125,2.3,57.76206703,0.087746334,38.54251261,90.08873286,116.5043581,9.766175122,0.043228863
28.3125,2.3,63.71448319,1.13942318,48.31696092,13.14802347,133.9499651,10.42678946,-0.003639814
28.3125,2.3,66.91580644,0.687119126,192.6354423,185.9984047,135.9503232,20.66468195,0.031039695
28.3125,2.3,67.44553036,2.039456734,-12.82506764,-9.023994787,345.892791,13.42326202,-0.00427988
28.3125,2.3,68.99874234,1.540561135,-60.54237571,-9.757335484,172.9855855,11.53212108,0.042154064
28.3125,2.3,69.42113722,1.970576653,-1.868264545,4.346356335,315.6818706,14.85925708,0.075028923
28.3125,2.3,79.40078315,1.711635133,-89.73643501,21.61343227,228.2742198,11.58814147,0.045726319
28.3125,2.3,69.91756817,1.845825801,4.516909138,-12.87959127,232.657142,12.65126663,0.029346254
3,1.1,-0.055647243,-0.021705436,-0.000197686,82332.06155,0.16577004,0.008890789,0.013237993
3,1.1,2.443370523,0.297934841,8.100754423,-4.594104362,31.27750543,2.785472969,0.032274428
3,1.1,4.478936745,0.481191726,1.494684277,1.809792395,35.71423133,3.622178623,0.013906071
3,1.1,4.081989166,0.259935699,-1.537549405,2.707062069,33.02446582,2.459323478,0.012685237
3,1.1,7.294949986,0.434000175,-6.009761789,1.504725983,33.43393596,3.200160911,-0.007483379
3,1.1,6.207631946,0.296552493,3.976040661,1.982704942,30.86690948,2.792342166,-0.004252077
3,1.1,9.603544481,0.102394045,-1.011796193,1.112305611,26.72768212,1.584793566,0.036535829
3,1.1,9.560852673,0.072527518,25.12159534,-1.399784826,26.8404767,1.594645652,0.007905189
3,1.1,10.69313834,0.263527975,11.40243057,-2.22652113,30.42765721,2.518520792,0.019419113
3,1.1,9.605585943,0.283236391,-6.446614104,-2.434606799,30.07707197,2.488451854,-0.00881471
3,1.1,6.465938163,0.100729119,27.11992156,0.840593426,28.41565027,1.95649996,-0.003217096
3,1.1,6.985113432,0.123808404,88.86187614,-11.36700112,27.96260906,2.041916598,0.031898485
3,1.1,7.044783856,0.054085357,49.53202736,-8.317693192,26.39738131,1.390424486,0.001562998
3,1.1,8.691982674,0.153053288,-20.64029171,-8.283156954,30.43665676,1.848731197,-0.015086523
3,1.1,5.778124368,0.205929689,35.33299777,-15.80255942,28.87517908,2.232537891,-0.015436902
3,1.1,4.740643216,0.114565528,63.48027182,3.043720533,29.14163316,2.523354256,0.017827733
3,1.1,7.799438154,0.106196315,1.764327828,0.090570443,27.26374703,1.606204054,-0.000217856
3,1.1,9.672783142,0.141884128,33.27236733,0.350612576,30.36057525,2.457540624,-0.022202572
3,1.1,10.39460462,0.043635625,-28.20357251,12.84656678,27.71441707,1.753708183,-0.015102553
3,1.1,6.99120669,0.118100316,15.64319908,37.41581001,28.53163239,2.165611855,0.018178531
25.5,3.5,-0.079224443,0.010360251,-0.000424827,73584.23527,0.102018779,0.004560828,0.072727121
25.5,3.5,-0.832364253,0.025725726,-34.30442317,9.858726826,1.878942112,-0.693092324,0.009520178
25.5,3.5,1.833580109,2.788701766,25.1657523,-12.7744833,373.4197699,17.63893298,0.021620714
25.5,3.5,20.59788529,2.193287968,-19.92470553,-14.42649187,325.6546752,13.38993923,0.018535233
25.5,3.5,30.72630235,1.584569389,-6.644951486,1.759375958,289.2736947,10.58212255,0.028517369
25.5,3.5,30.68262034,1.839512513,-10.99330101,-0.397886754,258.2535445,11.08475575,0.026782292
25.5,3.5,63.6982394,1.927122834,110.7705614,10.5181507,395.0157363,13.65782587,0.010544334
25.5,3.5,61.55366455,1.453589556,149.5008984,-53.02784276,261.7047882,10.8111868,0.040148631
25.5,3.5,66.80410102,1.400053893,-137.6607052,48.81135683,192.3588186,11.79970161,0.01765261
25.5,3.5,70.39550222,1.200461892,122.9550581,-0.381699008,266.0756112,11.0277496,0.047329855
25.5,3.5,76.34004425,1.704463119,-88.48649441,-5.476446746,229.2255605,10.79861984,0.015729756
25.5,3.5,72.82992102,2.105389041,-177.960187,9.939673376,262.112894,12.85803906,0.046498252
25.5,3.5,79.64535634,1.763589992,0.970506542,12.50333159,297.0607093,13.34535552,0.009485662
25.5,3.5,64.98205602,1.258007707,-7.876815289,18.34279668,166.7972982,9.271558635,0.015817276
25.5,3.5,68.96991882,1.49503976,-14.92864707,-5.632792176,148.0011545,9.413963332,0.026178693
25.5,3.5,55.1944647,1.75027541,-127.228625,120.0264845,109.8060344,9.762832893,-0.004816139
25.5,3.5,68.42187549,2.137525847,-82.19722657,2.885620977,249.9837716,13.83522297,0.021120565
25.5,3.5,56.9270376,1.451339014,-19.29852068,-8.321772756,150.6706005,10.87321574,0.019252325
25.5,3.5,74.31619751,1.336673594,-69.42181521,14.95021525,220.0378922,9.503715533,0.030983903
25.5,3.5,61.87818953,1.562885442,36.49010723,79.16565096,207.6598898,12.10008493,0.04604374
14.25,1.7,-0.038098912,-0.032935959,-0.000254471,91048.69996,-0.113501476,-0.021542405,-0.014456955
14.25,1.7,-1.423812444,-9.172345015,-765.7349035,392.6762137,5.668943736,-0.735308446,0.04096051
14.25,1.7,21.22877886,1.426635867,-9.85619671,2.399071517,150.5531287,9.333774243,0.03537623
14.25,1.7,23.32768276,1.42080701,-2.902471689,3.405879715,138.2968585,10.32062488,0.007020046
14.25,1.7,22.31022482,1.568376904,-9.069807763,5.124484351,141.3793287,10.08116164,0.008951388
14.25,1.7,26.33856319,2.024723311,-27.31877218,22.35853118,101.9030691,15.08644293,0.013241521
14.25,1.7,42.36587928,1.786962064,-28.14389125,-16.07974238,171.4288734,10.28711998,0.007047202
14.25,1.7,50.38274055,1.624589576,41.45519259,-23.17980847,146.2539292,10.9124091,0.013422375
14.25,1.7,47.36562598,1.276785117,-17.8740611,13.50261601,118.4655674,8.965607262,0.029735198
14.25,1.7,39.89469462,1.207991754,14.08787289,15.66930029,96.47918884,9.480686047,0.044298848
14.25,1.7,40.18000076,0.970381563,4.661858834,8.933120901,71.50539621,6.889223585,-0.005673003
14.25,1.7,38.95320323,1.531287095,-106.8515787,-34.41401569,79.52947381,7.38173083,0.023523432
14.25,1.7,40.43353495,0.448795933,-17.61099932,21.88400146,56.67680463,4.459830519,0.014566321
14.25,1.7,35.42193405,0.608644268,7.268022158,9.453905303,50.52645761,5.458953664,0.019995774
14.25,1.7,35.79565819,0.764626291,14.36395085,-7.589181715,50.28734823,5.09781162,0.007383691
14.25,1.7,41.40022747,0.989902216,91.05099625,-15.24228397,79.71319189,8.442939572,0.03816585
14.25,1.7,41.03899363,0.684178129,-37.0795368,14.89718893,61.63273357,5.691002058,-0.001974672
14.25,1.7,40.94868441,0.857812783,7.2684214,-18.32805985,57.45183284,5.572429758,-0.005323423
14.25,1.7,46.27692077,0.912077204,23.6879096,6.412029457,70.67011119,7.720168439,0.051026106
14.25,1.7,42.69294557,1.027445904,-56.25293676,3.690184184,72.98998389,7.503476528,0.028060958
8.625,2.9,-0.049021263,0.010985076,-0.000368042,71481.6042,-0.033616213,0.012298737,0.014029723
8.625,2.9,17.52742595,1.353864352,8.707275753,-19.40284751,101.8501703,8.441416081,0.019524069
8.625,2.9,31.34704682,0.79700594,55.31189928,-1.424636858,53.51092593,6.494702995,0.016649024
8.625,2.9,19.67795624,0.805814971,-86.11318907,15.49638057,48.59670665,5.601890627,0.06486501
8.625,2.9,16.90488727,0.474237172,4.066669781,-10.91805927,39.52593497,3.438943119,0.055253167
8.625,2.9,23.78393903,0.376605149,-129.6499741,0.236976573,34.06984092,2.769268295,0.039883027
8.625,2.9,30.56229397,0.137525605,43.96334924,17.6815496,32.69349778,2.571386711,0.019345472
8.625,2.9,29.9971162,0.201966183,134.0047176,-18.52964988,32.21330817,2.698055015,-0.003305327
8.625,2.9,29.44879482,0.956517133,-15.11100748,-30.37560845,56.10123635,6.06866588,0.031065989
8.625,2.9,25.3775843,0.910462868,-62.93001587,15.78718828,62.67931149,6.916923792,0.01129124
8.625,2.9,23.18382546,1.541793769,-13.53942082,-100.7397362,54.33805289,4.953596282,0.034294307
8.625,2.9,23.82627797,0.423093834,39.39045115,2.86514801,46.84376817,3.865273585,0.011762406
8.625,2.9,26.50673,0.463355928,-153.7953422,22.37455129,43.96769931,3.658143198,0.043390035
8.625,2.9,26.04561886,0.475230438,9.927714357,-16.97805173,38.5819027,3.765415962,0.026648811
8.625,2.9,19.72510896,-0.123163685,162.8486068,31.42179453,40.09425489,6.35758443,0.049023954
8.625,2.9,24.71559122,0.809832617,16.01284991,18.21448526,64.43285151,6.518412611,0.028448018
8.625,2.9,20.91290705,0.855365402,124.2919594,-26.55270608,66.50302675,7.116281196,-0.00203269
8.625,2.9,29.99438117,0.73461292,62.86482432,4.751235994,61.77379802,6.222307493,0.029717131
8.625,2.9,25.93439213,0.271513245,62.74023375,-11.83605467,45.0883899,4.815836916,0.033287388
8.625,2.9,27.50661721,0.594475382,21.90612064,12.71252339,45.35107476,4.992979407,0.02965222
31.125,0.5,-0.039703999,-0.004253891,-0.000140901,72434.622,-0.054236806,0.034369625,0.030905546
31.125,0.5,47.40614577,2.07408544,-0.987381485,2.360467416,510.6206093,14.31186185,0.011840407
31.125,0.5,67.57789568,1.797227961,67.59401518,-10.55996222,316.3150685,14.14929188,0.002663663
31.125,0.5,73.1734175,1.923035495,52.55109834,-5.668825249,320.037948,14.06886236,-0.024566952
31.125,0.5,70.4026067,4.62456466,174.8092145,-406.7200345,329.5452001,10.06929516,-0.001636103
31.125,0.5,68.05817632,2.030653534,113.1309522,23.64518343,404.5528627,17.82475255,-0.000508921
31.125,0.5,75.6194471,2.367605209,-75.72146715,-21.99204692,497.1204616,14.97941248,0.079339097
31.125,0.5,74.86451461,1.204737021,-38.75730614,86.50349116,483.6423341,15.21246084,0.021523318
31.125,0.5,77.7348191,2.305828863,-27.1102875,15.83271971,461.0243109,14.98003412,-0.010183214
31.125,0.5,67.12406617,0.235327741,21.55604108,63.8862567,132.3222389,10.02805416,0.056132077
31.125,0.5,65.05976451,1.491556543,48.70620698,-38.44306434,136.9605535,9.349937776,0.012056868
31.125,0.5,70.88129218,1.693767148,49.68792567,-6.944757136,204.4845012,11.19075954,0.015892064
31.125,0.5,74.68416853,2.118679877,-120.5999567,8.76930357,347.4825901,13.12090051,0.018540577
31.125,0.5,76.83768385,1.157743631,64.06605836,35.78154619,238.9538013,12.16644289,0.003869007
31.125,0.5,65.74307726,3.144430328,221.9566064,-88.8615901,248.1023161,19.88608759,0.027406311
31.125,0.5,74.66546428,1.931620791,89.78939587,-0.044290882,400.6886464,14.31229118,0.007118344
31.125,0.5,70.83767032,1.055385268,6.150703827,60.96887382,196.3182575,12.06266954,0.008557131
31.125,0.5,77.20949987,1.910374824,-141.3774243,24.25061515,390.5360272,14.29348819,0.021030716
31.125,0.5,74.65408323,1.883651863,-57.93713758,8.030737822,392.458943,14.11252525,0.024914626
31.125,0.5,75.51375965,1.979543351,-123.040454,-27.82759661,270.2111977,13.12859867,0.0605992
19.875,2.75,-0.025882552,-0.030171534,-0.000353846,84295.07275,-0.018359801,-0.020151832,0.017627687
19.875,2.75,-2.147035487,0.065279988,-20.40532406,-2.37813939,5.212581105,-0.743882795,0.016563493
19.875,2.75,25.81429221,1.42055004,196.7137075,12.90005323,250.2145371,12.3929562,0.036210889
19.875,2.75,25.27287434,1.366602181,-29.77810082,1.246497558,207.7866911,9.337370543,0.025794193
19.875,2.75,55.2784361,1.10299688,0.316198795,27.68066489,177.2035611,9.671185905,0.010191972
19.875,2.75,62.43096901,1.349953456,77.00974366,-18.25524466,138.6972605,8.666781787,0.031521109
19.875,2.75,64.36506354,1.658820093,235.1149226,-37.58951741,205.3444683,14.56105187,0.016459972
19.875,2.75,65.05048374,1.865221378,-31.48322056,-20.83542655,243.2368494,12.72906668,0.007033846
19.875,2.75,61.40286922,1.37844003,-80.30939979,-8.526170103,136.0247279,9.00821821,-0.016253301
19.875,2.75,55.65844861,1.668346514,-56.69590261,52.6585328,214.0847661,12.67165843,0.063258455
19.875,2.75,59.37045649,1.618245504,40.79780806,-25.17726968,220.4171616,12.03412899,0.005167309
19.875,2.75,59.05253533,1.440594925,109.7050435,-6.683229685,220.2865715,12.02593966,0.020468612
19.875,2.75,49.03808735,1.174588559,-7.310695738,1.614283885,96.10325734,8.947792737,0.034504776
19.875,2.75,50.68618794,1.220627149,-8.795635856,-35.05139918,170.7212379,8.044330643,-0.002215925
19.875,2.75,46.25571257,1.059966542,-14.6635059,-7.563689315,81.13348913,6.976049427,0.034899087
19.875,2.75,48.9955885,1.06043919,93.80185413,25.0597055,93.16661555,8.39367658,0.036844476
19.875,2.75,51.06785686,1.026188821,63.88335075,1.408808069,96.59412077,8.751939266,-4.08E-05
19.875,2.75,52.67725707,1.49252467,92.98758952,0.01847764,189.6518423,12.50344487,0.02914882
19.875,2.75,53.71791924,1.549558614,-9.497570356,-21.05307616,193.6169305,11.36277991,-0.018621269
19.875,2.75,61.84618355,1.266612693,58.54982731,58.78723395,125.1345459,9.868587986,0.000771802
5.8125,1.55,0.039893302,-0.023698088,-0.000240275,82731.40531,-0.063751696,-0.038551878,-0.002269094
5.8125,1.55,-0.62147381,1.369178052,-66.55578927,26.79473548,16.70422855,8.949862794,-0.006409462
5.8125,1.55,0.278797732,1.057528607,10.34354458,-1.051527509,71.25107885,7.190595398,0.004499099
5.8125,1.55,8.407605893,0.515855664,-2.649014081,3.919761329,42.55784703,3.698484825,0.010060934
5.8125,1.55,8.058744816,0.597860155,-4.83731259,-4.926458079,38.67316453,3.986531067,0.007761983
5.8125,1.55,11.46767791,0.608979661,-1.601716765,-1.446264409,50.95667095,4.303273845,0.039375503
5.8125,1.55,18.20079361,0.656763533,13.44781469,-12.54493813,43.27678769,5.11933999,0.036314595
5.8125,1.55,23.3727299,0.585412748,-12.17303313,-2.959092977,42.37790251,4.492794019,0.017355574
5.8125,1.55,18.61426142,0.209763308,43.00012157,2.4064512,40.4606868,2.692733808,0.063903373
5.8125,1.55,13.27689584,0.442457731,51.85176762,8.059435926,44.36997113,4.900455478,-0.004759834
5.8125,1.55,15.27235835,0.478046189,31.26887295,11.82452237,35.65928045,3.791937832,0.044007338
5.8125,1.55,15.49260715,0.481852586,-32.5160895,0.471365207,35.93715053,3.686036835,0.002386928
5.8125,1.55,14.01568771,0.564684245,-20.90146115,3.300055776,36.08130787,3.858042951,0.011659617
5.8125,1.55,12.26737195,0.533837681,-34.80560425,6.349478404,37.89083616,4.029710718,0.028367194
5.8125,1.55,11.93857927,0.314066012,19.44449425,-15.32505013,30.98592619,2.742464799,0.000508063
5.8125,1.55,14.23380358,0.26821571,43.35066368,-13.6952033,30.86167232,2.614076502,0.038248813
5.8125,1.55,14.87946753,0.419562685,-62.88839443,24.41957094,36.54805911,3.686004533,0.013040345
5.8125,1.55,17.47704336,0.289662481,3.402437162,-1.88135891,31.82018467,3.016480759,0.017913519
5.8125,1.55,17.59520594,0.279075717,-5.224906891,7.142696782,31.29750587,2.754097344,0.016008798
5.8125,1.55,16.82896122,0.396464288,-17.98722924,-14.60613063,34.15066272,3.50790735,0.071907238
28.3125,3.95,-0.037138173,0.019127196,-0.000467416,70720.09497,0.273896202,0.018325681,-0.010609665
28.3125,3.95,0.860965602,2.715047448,-57.28006142,15.12141952,487.2446079,16.68153433,0.038952417
28.3125,3.95,36.16812217,1.832637967,42.12343366,-10.9110879,253.4364937,12.32752236,-0.020373854
28.3125,3.95,34.926386,1.664455136,132.7744718,-7.370932797,252.7540953,12.42932177,0.02793772
28.3125,3.95,69.00075554,0.849888771,-215.8893369,9.287096632,186.605026,6.25270012,0.014657257
28.3125,3.95,62.08427879,1.134572726,7.537001699,-12.44008526,130.5119079,8.630423673,0.021572891
28.3125,3.95,66.76016848,1.538042618,77.77641539,6.89023753,165.1435127,11.75669407,0.006830288
28.3125,3.95,70.50478789,1.970442667,25.75075912,8.177774538,353.4269513,15.1169542,1.40E-05
28.3125,3.95,66.94628324,2.089175158,-41.83167883,7.055200573,364.498391,14.1404038,0.020609555
28.3125,3.95,57.54563813,2.115410289,5.418307795,-47.90616599,324.3345588,14.37419002,-0.014128076
28.3125,3.95,62.67012805,1.597308865,-76.58532358,28.87432386,246.1889901,11.36962161,0.011505589
28.3125,3.95,65.24124886,1.301395993,32.23410524,-3.095192401,129.4307716,10.1995099,0.035641222
28.3125,3.95,63.00331352,1.218572748,-81.60109357,16.80486114,128.8220432,9.128215705,0.019194042
28.3125,3.95,74.31913825,1.768458059,91.79633691,12.96643231,321.476693,13.80809461,0.021412325
28.3125,3.95,61.17637857,1.247741613,-57.20666563,11.33697552,216.9124328,9.798934177,-0.003650635
28.3125,3.95,63.70960266,1.569361008,-72.39067441,20.13847078,183.1103452,10.73772572,0.026779394
28.3125,3.95,64.93982847,1.578607696,144.4676782,18.71740985,165.6162274,11.16407246,0.038351083
28.3125,3.95,56.11997495,1.630568925,42.24984375,-19.96905225,171.834266,12.19428377,0.006321038
28.3125,3.95,64.01879247,1.888070702,-20.80967633,-2.311116554,329.5029621,14.62106816,0.027527338
28.3125,3.95,67.11083168,1.666522168,-10.46431023,59.1837421,239.8647176,12.69012655,0.005378277
3,0.95,0.043947499,-0.00372562,-0.00018349,79572.84785,0.117686983,-0.047476179,0.061389114
3,0.95,0.457394548,0.591302396,11.42701274,-1.724876534,19.28339922,4.072813006,0.030552942
3,0.95,0.424916535,0.492833748,-0.836939039,8.609707137,36.15024419,3.795458834,0.018584149
3,0.95,0.050327521,0.511816745,1.548527064,-2.408017774,35.02450683,3.476363729,0.020531919
3,0.95,1.492025493,0.358574198,-2.010622449,-6.625786866,32.1257779,2.847501743,0.00504102
3,0.95,2.403475945,0.340654528,-0.330706505,-2.971451402,31.47951467,2.670109479,0.007292406
3,0.95,5.462331013,0.010514575,13.95245896,-1.782223841,27.20435234,1.419310201,-0.003836657
3,0.95,6.807399353,0.184254951,-6.081101775,-1.182461655,27.65073342,1.80031585,0.035644835
3,0.95,7.825552803,0.27346165,2.928674175,-15.09427315,27.71060847,1.495461375,0.029156127
3,0.95,6.145086047,0.179916106,-1.309251955,3.981873558,27.57188333,1.738098603,0.026515356
3,0.95,8.26151412,0.319760109,5.659262429,-5.500471398,30.22440752,2.455564581,0.00993806
3,0.95,7.068053712,0.221861195,1.515383831,0.314375801,29.16550681,1.94219839,0.01984477
3,0.95,6.596058018,0.197875397,2.884329481,-2.910647073,28.41959523,1.934145509,0.031942359
3,0.95,4.796821921,0.071124027,-3.151326844,17.70412922,28.13367497,1.54864339,0.003592718
3,0.95,3.535730099,0.111414154,-6.643404017,3.35784755,26.98909314,1.627068504,0.014522639
3,0.95,7.141925943,0.343368229,-2.662586894,-4.515306326,28.22124646,2.863681783,0.000923391
3,0.95,7.179466758,0.305735571,-2.188016195,-1.008925644,31.30837868,2.869570073,0.037901946
3,0.95,7.186196792,0.17700215,2.290242459,-1.149934888,28.53404171,2.156845188,-0.001136206
3,0.95,10.01671933,0.176725237,4.212487476,7.332759688,29.96313936,2.364620335,0.036839633
3,0.95,7.679266947,0.161593736,-0.993346196,11.46021774,28.57729594,2.044746491,-0.00801529
25.5,3.35,0.023983552,-0.008000759,-0.000410631,74342.75045,-0.093727051,-0.010534614,0.023161677
25.5,3.35,9.776297941,2.178240138,-103.8071217,-17.63812291,470.3383285,13.15611212,0.045745521
25.5,3.35,10.41820638,2.169018176,-38.17569094,-5.905390803,417.8731227,14.09559232,0.043363282
25.5,3.35,17.16240238,1.696027248,16.64808354,4.492114455,349.7860664,13.66617177,0.011932427
25.5,3.35,37.38517626,2.002010655,84.93478318,-29.56377044,227.2642893,11.24623206,0.02857345
25.5,3.35,62.94946702,1.779519931,138.5741306,9.929295545,405.0536587,13.8991428,0.040474805
25.5,3.35,59.79463118,1.946206218,-87.34133788,32.48828775,386.4434504,14.29859463,0.064311268
25.5,3.35,67.11660667,1.573206265,-178.3833404,112.7543163,197.8369012,11.61531302,0.029146291
25.5,3.35,72.42636385,1.822794205,-14.17790566,-13.61953176,273.2203525,12.98479344,0.035793117
25.5,3.35,77.04794115,2.584577016,15.54626583,-49.20073454,295.3270122,13.0232217,-0.014494065
25.5,3.35,81.55630614,1.936025657,-20.17288825,-10.9429527,301.0268221,12.98150468,0.039220676
25.5,3.35,64.08309094,1.404160255,30.15017146,-9.278623661,166.9188507,10.50907928,0.021719286
25.5,3.35,55.72153441,1.993493123,-7.626121812,14.47707196,253.9863691,13.85427946,0.007764794
25.5,3.35,55.73625614,1.780228694,-131.0342974,5.528023683,189.2343644,11.93268317,-0.000448515
25.5,3.35,58.17747833,1.080223999,-24.69571065,-39.74571237,137.0528773,7.539739165,0.045845565
25.5,3.35,59.2126631,1.055517874,96.88614,12.07236963,98.11447439,8.756556861,0.003713643
25.5,3.35,66.50976431,2.386666767,286.0434921,-37.41665227,171.256611,17.74445929,0.017436522
25.5,3.35,59.91432956,1.690332122,67.11400063,-10.26524017,208.4381889,12.44341065,0.017475143
25.5,3.35,78.23381763,1.64540198,-90.74397649,13.33989326,276.9545412,12.37842701,0.035093639
25.5,3.35,64.99824053,1.600459647,14.94518514,-21.15816408,196.3956074,11.82591037,0.007520134
14.25,4.55,0.086868656,-0.012465303,-0.000524202,85221.04684,-0.053015215,-0.011327915,-0.011997481
14.25,4.55,30.64921777,1.551427076,30.44650374,64.07270027,166.0212899,12.43716645,0.030748065
14.25,4.55,44.45966746,1.847422936,-235.681335,-32.60844516,164.055702,10.10142016,0.033582772
14.25,4.55,37.60419868,1.57424103,-56.75498754,612.608123,162.6411078,10.94244683,0.010322982
14.25,4.55,45.80647504,1.004205659,-123.6876866,29.64807147,83.25204713,7.642478184,0.01722456
14.25,4.55,44.09861586,1.047246314,2.160475425,-56.76517544,82.86904199,7.71976744,0.013319699
14.25,4.55,42.74453352,0.824804847,-22.89034372,-14.719309,57.86022395,5.950568521,0.011344425
14.25,4.55,43.90462316,1.77427522,23.27839007,-3.138351919,81.17822364,11.82881538,0.026940859
14.25,4.55,52.96854869,0.486476828,123.1139853,46.32516728,56.53919505,6.282316805,-0.002599629
14.25,4.55,40.87815085,0.819000294,17.87972657,31.21127786,52.88323221,6.629594503,0.011901879
14.25,4.55,43.40583033,0.81354808,48.94829666,8.800442816,84.49502503,7.060589253,0.004875976
14.25,4.55,27.05555348,1.138201754,81.13486885,10.53904294,97.69382845,9.126027026,0.023081787
14.25,4.55,54.78709836,1.05388386,177.871278,65.36389647,87.25071345,9.462726365,0.030958322
14.25,4.55,42.53562191,1.575620851,-19.83027963,-17.83484022,108.7350575,9.782495064,-0.00675294
14.25,4.55,49.10824191,0.689041237,-1.835801132,20.15592254,99.76736268,5.96653383,0.040304873
14.25,4.55,30.94415817,1.107151893,-101.1964853,-14.35596245,65.78546602,6.568737386,0.017456926
14.25,4.55,45.94718092,1.101727349,-42.06157872,8.839509573,122.1602716,9.129601219,0.039593017
14.25,4.55,48.42447525,0.785530197,191.2612877,-8.578878585,69.83868305,7.411659375,0.001583212
14.25,4.55,37.25189667,1.654996268,21.55150947,-43.59937694,81.38158749,8.690453814,0.012139494
14.25,4.55,34.40915515,1.234137297,85.39540231,-4.866813484,94.11969504,8.882330844,0.025635611
8.625,2.45,0.081145013,-0.023498437,-0.000325453,86546.69859,0.011839149,0.005055105,0.002385111
8.625,2.45,-0.625584893,2.010532158,-94.72266198,30.66535737,27.22413353,13.13514552,0.030848061
8.625,2.45,0.413440992,1.472528227,2.624408652,-4.68653904,121.4025602,9.52701679,0.029927508
8.625,2.45,2.273284384,1.160006864,-3.549069033,-1.000787798,103.3537488,8.71981975,0.005704953
8.625,2.45,9.661973301,1.090079345,5.384680382,46.99646427,75.15722975,7.860469723,-0.007194066
8.625,2.45,16.71938686,0.664516079,-7.890955103,-21.84269101,52.27510152,4.791705815,-0.014330678
8.625,2.45,29.63559478,1.003105483,-70.61223405,13.1499612,76.17685116,7.410733251,0.011903981
8.625,2.45,29.70369957,0.92627631,47.54505697,4.190907754,76.26201296,7.403401003,0.042195349
8.625,2.45,28.18100958,0.361402361,115.2909861,0.090305071,35.02106736,3.916988071,0.023706065
8.625,2.45,26.47521989,1.043175713,31.46409089,3.004031819,45.51196807,7.673770678,0.015949717
8.625,2.45,20.47168929,0.639952735,58.83617015,5.444178868,45.877485,5.77482036,-0.003051893
8.625,2.45,21.8245028,0.982144257,-140.9700685,7.9512293,47.65777469,5.329809399,0.03104639
8.625,2.45,28.05779099,0.323080702,-81.98957908,15.79227319,33.05285612,2.77239945,0.007412701
8.625,2.45,32.36548668,0.553891872,-126.3852794,24.26854868,43.33677463,4.129092304,0.037583188
8.625,2.45,30.41461056,0.570543849,44.55057842,-15.90895421,42.4432817,4.064756646,0.045483991
8.625,2.45,26.54424644,0.539879865,49.42055684,7.092158543,41.86020246,4.547268648,-0.004767428
8.625,2.45,23.51777932,0.406411999,19.29512406,13.84267639,36.50295626,4.172571807,0.039033468
8.625,2.45,23.71776496,0.505449227,4.020996907,21.19869078,37.46964052,4.336712673,0.022660804
8.625,2.45,29.26133758,0.647091099,-70.42495461,-6.788782802,39.65863396,4.12298945,-0.005892202
8.625,2.45,27.42246724,0.724780265,8.837709523,1.382812001,44.19847302,5.000188694,0.000921374
31.125,4.85,0.017392666,-0.001685313,-0.000552594,62616.34412,0.096427772,0.032685347,0.023965607
31.125,4.85,4.713281533,2.030197235,44.84230239,-5.224532063,613.5947898,15.49709507,0.02656908
31.125,4.85,20.75848797,2.168513192,-118.8762959,77.72097003,478.1138468,14.64325469,-0.00024063
31.125,4.85,75.85046826,1.777839112,-184.027719,22.35473707,260.4010597,13.00258731,0.028865289
31.125,4.85,77.30410393,2.339196919,-53.44699626,-21.03951109,497.7702675,14.65440858,0.035686514
31.125,4.85,77.24000026,1.691130391,-101.5634389,16.74434622,294.0450591,13.94811352,-0.0006429
31.125,4.85,75.46439071,1.804853314,-48.92822362,96.75724423,175.6183587,12.2810162,0.002141057
31.125,4.85,66.82052485,0.908342067,-48.00966752,54.59250201,230.0120707,11.71542083,0.021297841
31.125,4.85,68.83742347,2.264246366,-224.0507488,-15.94171929,369.1738626,13.28430007,0.013019417
31.125,4.85,66.73888474,1.976471311,-219.1262999,18.55071603,366.9183924,13.24992474,0.013029137
31.125,4.85,63.72117972,1.224288044,196.1874924,10.50134896,352.5208005,10.52914462,0.024992923
31.125,4.85,60.28406197,1.688084295,-90.3146229,51.15408236,259.9999672,13.2910674,0.035691185
31.125,4.85,64.41835353,1.833830286,-61.12625966,40.86443339,292.4328019,13.14851197,0.007325944
31.125,4.85,75.3318145,3.224155887,-299.2110154,30.20789345,182.6361491,21.59708697,0.01800127
31.125,4.85,75.81633394,1.56602177,49.00403055,9.188864945,415.353443,14.62164631,0.035168554
31.125,4.85,77.37478347,1.618308525,-15.65770665,0.663184321,283.5476983,11.73234165,0.004106092
31.125,4.85,62.22329988,1.638815794,-93.34093517,3.669634122,195.9199364,11.47821973,0.013802419
31.125,4.85,70.15840502,1.593285142,106.1330825,-38.8633435,199.105194,11.31278678,0.010516092
31.125,4.85,66.08446355,1.939102643,4.202599132,-9.465567827,287.6906893,13.72250919,0.034342729
31.125,4.85,66.57407988,1.638959929,20.02478671,293.7915381,292.499591,13.21441191,0.031512385
19.875,3.65,-0.034445431,-0.018746315,-0.000439024,89702.63666,-0.109333332,0.017453576,-0.002523517
19.875,3.65,46.59209074,1.867763931,233.8757302,-229.4861487,285.3775472,13.06540186,0.01957943
19.875,3.65,57.23638894,0.802737506,64.36704677,59.84710348,233.9891061,7.969778572,0.007930203
19.875,3.65,57.68677727,1.195788994,-146.1786225,31.59408,140.0614746,11.21380817,-0.006063505
19.875,3.65,60.28298438,2.140081872,-96.96185051,125.2940786,262.204581,13.30894697,-0.032395437
19.875,3.65,62.19841876,1.534037389,37.97681473,0.374225444,186.4507041,12.03647885,0.000184972
19.875,3.65,58.27016951,0.700890071,-219.7293697,28.38204103,62.0111981,4.956359763,0.04500467
19.875,3.65,55.26724764,1.059959017,-52.55796541,-18.39947957,79.62472878,8.081442143,0.024211367
19.875,3.65,53.35722451,1.639410518,-57.19763991,19.0562907,184.7580872,10.87632376,0.000724705
19.875,3.65,51.2784477,1.067158778,16.77128501,5.786769255,128.0609204,9.373472839,0.020895581
19.875,3.65,64.13808882,1.671106391,-115.753874,25.00427464,153.8672954,11.81667441,0.023081219
19.875,3.65,49.95525493,1.597051945,-15.72148608,13.23934403,194.3578708,12.4253089,0.050795005
19.875,3.65,64.51743402,1.846525762,-83.84472293,-119.3362968,208.4273728,7.880686408,0.019823147
19.875,3.65,58.48399174,1.225226075,44.43618035,-10.37399291,130.9356181,9.3869191,0.062911421
19.875,3.65,57.82347225,0.836779609,25.49161917,11.03718101,120.400138,6.92726255,0.002820095
19.875,3.65,50.15549691,0.854862369,44.03563674,22.92801255,94.57508677,8.934791177,0.012646205
19.875,3.65,46.9490828,1.154795028,-143.486988,19.05672957,91.23060407,8.313791118,0.015943745
19.875,3.65,52.87776719,1.285481028,-175.6219307,-1.284927959,87.03657404,8.516554428,0.001498044
19.875,3.65,66.52872811,1.137038327,-70.61822407,14.56874292,125.0194247,8.700573256,0.036157512
19.875,3.65,57.36988294,1.365781278,62.24981186,14.23660796,131.6450386,10.28010133,0.039871434
5.8125,4.25,-0.06226107,-0.017540823,-0.000495809,85257.59086,0.117473952,-0.000691231,0.022769521
5.8125,4.25,-0.252029919,1.188375483,-8.720409066,2.925889974,71.07184724,7.303605871,0.009183929
5.8125,4.25,2.549333073,0.640673859,176.5132215,7.972354648,65.42579084,6.477090505,0.007807428
5.8125,4.25,9.429860033,0.609045389,6.807717132,-3.440300832,46.04221008,4.745778541,0.020398386
5.8125,4.25,9.181479687,0.645525965,-7.355273861,-1.568463061,45.20163836,4.82234821,0.034842399
5.8125,4.25,15.78263136,0.941587008,-97.07044068,3.637520381,55.9303587,5.690023248,-0.024575077
5.8125,4.25,20.83429372,0.672840126,-22.52122907,10.94163732,43.05060432,5.109801923,0.003502
5.8125,4.25,21.61924489,0.711488669,10.72055436,7.257600297,48.8625479,5.354694795,0.02166025
5.8125,4.25,21.7320396,0.048617182,64.49683778,-1.012198116,28.09703209,1.735737065,0.022536921
5.8125,4.25,16.17987522,0.651909678,-53.86406426,24.63886622,30.84987268,5.619011795,0.04505241
5.8125,4.25,25.09113277,0.532755369,-61.97514234,18.63400668,40.67723563,4.28664432,0.011040616
5.8125,4.25,13.73290413,0.613848209,26.54814973,-12.2100865,41.91590225,3.634557445,-0.006394181
5.8125,4.25,12.2706099,0.524614926,-3.192983416,-9.217801482,39.38403571,3.974735209,0.025639629
5.8125,4.25,4.267268272,0.800890943,-114.9119059,-168.4178776,40.63164607,5.031641142,0.031722634
5.8125,4.25,-0.537695698,0.894938201,-171.7108351,-14.04667707,43.74168706,5.827324277,0.026990733
5.8125,4.25,11.76675568,0.305731508,113.8126833,-51.62635304,32.78033713,2.739726325,0.015936786
5.8125,4.25,6.740829195,1.055481646,-102.0500312,-12.20955352,47.38361018,6.285869672,0.004841419
5.8125,4.25,9.358330235,0.520154119,211.9437385,5.862502848,37.70395911,4.629751031,0.031661221
5.8125,4.25,19.22710733,0.741498023,-156.7002564,1.755101715,46.82529639,4.435002785,0.027531413
5.8125,4.25,17.93562067,0.283716615,156.5663789,66.6338724,35.58917022,3.618515909,0.062975225
28.3125,1.85,0.001069734,0.011985599,-0.000268668,80812.49733,-0.059172976,-0.01199991,0.030778158
28.3125,1.85,12.77574193,2.342572363,-4.708027035,0.007891269,497.5917387,15.6764658,0.046480231
28.3125,1.85,36.80283684,1.71332484,-11.31287985,11.05374494,344.3473239,14.08283313,0.013495486
28.3125,1.85,35.87442496,1.908006621,7.791088379,1.553717779,333.7601799,13.64718542,0.014705225
28.3125,1.85,67.15385982,1.141164443,-76.99806086,31.64592088,261.7796536,13.20635038,0.012831278
28.3125,1.85,69.30792762,1.460033532,159.9483487,-40.68854154,262.6046683,13.49988758,0.033302653
28.3125,1.85,70.66456297,1.839059259,8.243626419,-26.54145467,236.4314495,12.33687403,0.044658837
28.3125,1.85,75.01060859,1.161823216,-53.21632969,52.52533294,255.2840499,12.64720147,0.030813863
28.3125,1.85,70.39147405,1.306817334,7.946387758,10.48720107,107.6143445,8.610842016,0.013571494
28.3125,1.85,66.52448839,1.545741765,93.92309382,-33.54989088,209.9227183,11.99190211,0.041618171
28.3125,1.85,70.55829581,1.831752899,77.62369729,-64.66422919,199.6777733,11.75145984,0.03146884
28.3125,1.85,66.90056585,0.832016452,-198.0869007,43.31671067,217.4433477,7.473128325,-0.008454053
28.3125,1.85,60.80223959,1.345547754,62.54798308,-34.64539617,129.1063859,9.065714954,5.13E-05
28.3125,1.85,61.32920164,1.076289857,12.98930969,56.85933408,139.8896581,10.12981555,0.005667339
28.3125,1.85,72.82432549,2.208774796,121.823425,6.152279922,291.924142,15.45761992,0.038141747
28.3125,1.85,71.44641927,1.919830992,-112.1733808,-10.77307717,349.4634541,14.0514285,0.00793694
28.3125,1.85,70.26267271,1.603252725,-54.26644232,12.32983408,238.4558644,11.83923599,-0.000671098
28.3125,1.85,68.40008092,1.19597916,83.2963223,-22.87397342,238.5384455,8.947258125,0.011973432
28.3125,1.85,76.72132376,1.711289471,-41.36266813,12.71278929,214.7993829,12.05022791,0.041106644
28.3125,1.85,68.03863152,1.603703324,62.06851987,-1.013235304,229.4867225,12.67051262,0.014326842
3,0.65,-0.04646949,0.018955917,-0.000155097,66286.83351,0.106612624,-0.053540016,0.017386037
3,0.65,2.559475113,0.376551823,2.977224463,-4.110524466,33.8686987,3.063776696,-0.01544203
3,0.65,3.269628257,0.308728824,-1.903027477,-8.126768559,31.79106343,2.752265467,0.03420395
3,0.65,3.638459424,0.19724704,0.208887589,-0.539437804,28.76547997,1.988349385,0.027865341
3,0.65,5.181570324,0.473827485,1.819059638,-0.255664965,35.35548298,3.499725586,0.046558958
3,0.65,7.165780638,0.341189821,12.55176827,3.251107445,29.87758536,3.409534603,-0.011227319
3,0.65,6.798384841,0.270399195,2.281682073,-0.848984891,30.01179111,2.790822096,0.013208163
3,0.65,6.719706989,0.051579653,-3.826689926,4.617667142,28.36600241,1.277791479,0.005838371
3,0.65,7.128093323,0.1745043,-8.213949311,-0.273568672,28.1340387,1.956753184,-0.010342817
3,0.65,7.29965987,0.176327157,2.6090224,-0.000262883,28.27150007,1.991705432,0.03739372
3,0.65,7.685488297,0.092121574,8.844034554,24.43331666,28.25702932,2.098258686,-0.010641145
3,0.65,8.151587752,0.260299448,23.18904276,-1.003050588,28.23360935,2.734212535,0.014732521
3,0.65,8.337743358,0.086270215,-16.87321905,4.51539428,29.37224162,1.909381242,0.019820653
3,0.65,6.743174161,0.07231761,5.472470143,-4.18777373,27.98325764,1.67125241,0.034193175
3,0.65,6.612390054,0.088082251,-29.47230182,4.550833372,27.47776045,1.667784122,0.010828938
3,0.65,6.843715638,0.088408856,-8.879823845,-0.853495701,27.26730635,1.760660841,-0.015253167
3,0.65,10.37293922,0.203172336,-31.70145302,8.520363242,30.30650144,2.425873447,0.012867749
3,0.65,10.1620112,0.161605189,29.7796269,1.033079619,29.86922822,2.381067822,0.036870796
3,0.65,9.746409849,0.137847249,4.839464212,-1.835712797,28.0872915,1.833811994,-0.01955975
3,0.65,8.027787636,0.151011019,-11.24648356,0.735601754,28.16801687,2.03191268,0.040402862
25.5,3.05,-0.148643697,0.020532654,-0.000382238,66598.19874,-0.127064165,0.013808578,0.023590769
25.5,3.05,8.957642186,1.79086412,10.0984947,1.979756256,443.4261793,13.74724706,0.026861452
25.5,3.05,9.54984993,1.975100879,13.95323861,-2.134088014,440.6524255,13.8381759,0.016223276
25.5,3.05,22.78965068,1.966053919,27.3644603,6.040334644,338.2711323,13.04012583,0.010445297
25.5,3.05,34.19653702,1.440583035,16.08503186,17.50891456,271.57333,10.62012372,0.028335825
25.5,3.05,72.74325298,1.694636704,-35.50582999,24.35969923,355.543274,14.90797451,0.027611903
25.5,3.05,77.81350771,1.783547309,-46.25981588,4.116212343,259.1480346,12.27652623,0.01615961
25.5,3.05,62.94248446,1.520917115,-53.24833919,94.20565024,123.657138,11.9745256,0.031189277
25.5,3.05,62.72122665,1.33797412,-35.20246688,50.4138301,144.9554312,10.20184002,0.032864875
25.5,3.05,68.26563588,1.707889326,91.13374092,69.44156677,309.0848547,13.34472846,0.000432969
25.5,3.05,61.86624229,1.234625302,-60.81128892,2.691456522,182.7124439,8.965027067,0.02875218
25.5,3.05,63.78693897,1.362535206,-98.22672121,84.15769226,157.2208304,9.859489303,0.039539741
25.5,3.05,57.10816235,0.877000715,285.3390086,-26.31311601,108.4521019,8.708251802,0.006474581
25.5,3.05,60.09376886,1.664842679,-28.18384008,-3.027693595,206.0129438,12.07184831,-0.018041907
25.5,3.05,66.66824972,1.676057705,4.791131846,668.7931603,216.7906138,12.13978617,0.031013429
25.5,3.05,61.38418349,0.860443459,22.47962107,44.51212062,140.734397,10.13016552,0.059282043
25.5,3.05,64.94058032,1.21402191,12.62451877,-4.462486779,130.1590267,9.813679989,0.042772848
25.5,3.05,65.80081495,1.884205319,0.724357875,4.754624817,282.5184206,13.00478836,0.031164098
25.5,3.05,64.52772418,1.235875318,191.7130493,-18.11666148,185.4520424,12.4857313,-0.004972197
25.5,3.05,61.39595776,1.36434724,108.3972683,116.9723609,200.7492987,12.11668525,-0.002544212
14.25,4.025,0.008723945,-0.026360957,-0.000474514,85942.06006,-0.047897324,-0.043097793,0.018274293
14.25,4.025,17.74648242,1.186307196,-3.501903262,17.13475997,109.554759,8.535436315,0.044906553
14.25,4.025,21.54245151,1.129079928,-1.676347104,-85.61438583,92.95349613,8.141306485,0.037649299
14.25,4.025,23.98734919,1.881848183,14.20847112,-5.346581735,185.7528328,12.14331291,0.04882385
14.25,4.025,52.90109662,0.795140729,69.04461214,141.6795374,125.4438636,6.679024074,0.022773019
14.25,4.025,51.75529155,1.029130212,25.66810467,40.5542945,77.47894342,7.247974276,0.03246109
14.25,4.025,55.82275575,1.104365192,-127.4273654,34.23564179,89.64440437,8.738407706,0.006036839
14.25,4.025,51.72723335,0.674978008,87.51411297,26.63948377,91.12551338,8.755394757,0.029359201
14.25,4.025,45.49090452,0.343533283,-165.4614208,-9.95848665,74.11345779,2.986185442,0.023427836
14.25,4.025,47.9347586,0.36614855,-16.96835467,131.4032612,44.26188745,4.339376244,0.030351836
14.25,4.025,43.18825115,0.268771283,20.26120783,12.05554263,42.20712222,4.100965073,-0.003889818
14.25,4.025,39.28700606,1.237487767,11.59871172,-5.620679445,129.4060737,9.42841825,0.013842199
14.25,4.025,39.83543246,1.363731934,-79.5817232,-19.18442299,115.7841016,8.678381636,0.018596556
14.25,4.025,40.8307248,1.321892666,-87.97892499,-10.61947689,113.9187148,9.29845074,0.021619747
14.25,4.025,37.67584161,0.5228937,-53.16332099,19.06658324,50.48136386,5.28098324,0.022489028
14.25,4.025,39.55441381,0.826511256,78.876818,7.619721585,86.94527365,7.589134186,0.013941885
14.25,4.025,38.03194458,0.858397275,-228.3464116,-11.99365351,89.515068,5.670298581,0.048092011
14.25,4.025,53.96449918,0.646530729,-179.0860744,6.616876797,71.29811513,5.191410477,0.055001258
14.25,4.025,45.24014589,0.841320617,131.4250604,-17.49786964,71.78456747,7.872289279,-0.006875463
14.25,4.025,41.26445761,0.880643783,-58.30378241,32.6318871,75.88970297,7.725707455,-0.006421019
8.625,0.425,-0.045141039,-0.021497397,-0.000133803,90822.85333,0.04116475,0.028447143,0.020777761
8.625,0.425,10.80474493,1.33896739,-1.041415951,-2.106852916,92.77470643,8.552188441,0.059942102
8.625,0.425,26.31866555,0.694896571,19.96364982,-2.080934742,52.70083643,5.798766155,0.013150311
8.625,0.425,22.87560818,0.545775424,9.020756054,-5.034014319,40.66025316,3.956013614,0.067014465
8.625,0.425,28.44856296,0.969984401,-41.50105449,10.94815039,79.22440905,8.012065441,-0.005398618
8.625,0.425,30.75807932,1.03916595,-3.980838342,-4.533445054,73.38146459,6.928129759,0.004314576
8.625,0.425,29.28161812,0.516816457,-3.021428581,2.341120969,46.64175142,4.724019996,0.005680597
8.625,0.425,30.69416627,1.034741054,-34.08722234,-0.722134936,73.1659333,6.820719748,0.005206533
8.625,0.425,31.49697613,0.615624394,18.53273042,6.463822639,46.30654272,5.064172527,0.00509595
8.625,0.425,28.97781223,0.634266153,19.9411777,-10.80394741,46.11764415,4.695225578,0.007926582
8.625,0.425,30.0542132,0.835764869,-9.378170844,-1.111328587,56.99697734,5.838007523,-0.015755992
8.625,0.425,30.79919718,0.753310624,-0.576843339,10.48119041,65.19708068,6.295922639,-0.012607644
8.625,0.425,33.40405949,0.843506217,-3.916241069,8.277350799,64.0155318,5.905392524,0.032386825
8.625,0.425,26.62248942,0.495722892,58.19586266,-7.793448935,39.92612296,4.309334569,0.066325929
8.625,0.425,25.79189385,0.519451833,-52.47081657,19.80313952,36.41949662,3.70842885,-0.001633744
8.625,0.425,26.02660039,0.382735276,29.98295807,5.448217121,37.6483729,3.785817894,0.033153879
8.625,0.425,25.53896842,0.404331723,-40.28689876,8.761717075,37.65967588,3.945334497,0.033072313
8.625,0.425,25.46098601,0.722000955,-15.18690758,-24.7333316,37.6581454,3.458649274,0.037278425
8.625,0.425,31.23766439,0.744216729,-45.30090233,10.73948271,58.42860917,6.506732652,0.030468012
8.625,0.425,28.4988435,0.551881775,34.58442431,-5.069470685,41.62475593,4.664525654,0.008933807
31.125,2.825,-0.102174494,-0.03322485,-0.000360944,90517.30007,0.124862127,-0.05364088,0.017605188
31.125,2.825,3.057134206,3.229081721,-189.0249367,-8.923100951,395.9925929,20.84065055,0.03945362
31.125,2.825,23.47116637,2.000845329,1.581835605,0.994273617,429.5608699,14.17995526,0.023043388
31.125,2.825,23.91610715,1.963991739,-7.885979295,4.436541085,455.3119675,14.84196799,0.017355593
31.125,2.825,35.11475212,1.558918916,13.3701956,22.56748956,366.1770799,11.55017879,0.033505427
31.125,2.825,54.44037367,2.102892301,-59.59463892,18.49373763,534.2263431,15.42520561,0.100397223
31.125,2.825,68.13953845,1.275621335,53.4145746,23.60449776,424.9834069,11.57565082,0.018503967
31.125,2.825,66.38735486,1.927610025,-5.657856407,-34.73435227,341.0465342,12.4967316,0.055581352
31.125,2.825,75.83500543,1.854510905,-142.4935597,30.67981911,349.0548524,14.96693675,0.003480425
31.125,2.825,77.61006652,1.448732769,116.5938621,-16.0963963,184.7347656,11.75460058,0.028184949
31.125,2.825,71.15179839,1.90660272,-84.69825574,-39.06402191,190.0482855,10.85297615,0.024932642
31.125,2.825,74.07225734,1.607495396,-18.42118789,12.81591024,200.1354341,12.4679068,0.022549963
31.125,2.825,86.06522462,2.333287635,-158.6605757,40.07942614,415.394782,14.3496244,0.034547831
31.125,2.825,67.58552455,1.726810474,-56.86357522,4.743051236,272.0623353,13.17399228,0.017029385
31.125,2.825,60.43095287,1.369065172,-91.9116927,16.26794253,163.8783889,10.68746717,0.016967917
31.125,2.825,69.96791428,1.076130898,-163.3936207,57.51020276,155.4749213,9.260114202,0.01700065
31.125,2.825,70.40069832,1.992297626,-132.4165309,26.9842809,273.1974257,12.61101477,0.00761942
31.125,2.825,76.94564386,1.228174713,42.88411141,43.17984394,196.122745,11.80820066,-0.010127502
31.125,2.825,79.25073669,2.093124542,71.69993648,-7.634040665,371.5266254,13.98331009,0.017585605
31.125,2.825,68.58247573,1.652869208,-45.58378361,108.88214,273.4815102,13.32247547,0.033266377
19.875,2.225,0.011783891,-0.02576805,-0.000304159,82635.45971,-0.083397458,-0.012960325,0.01483032
19.875,2.225,21.7306961,1.805380819,-2.113454267,-5.244798312,266.374496,12.5994938,0.051215456
19.875,2.225,23.58720011,1.657070223,5.71139131,1.291833888,221.5406264,11.94879818,0.050250259
19.875,2.225,32.62210694,1.497606281,-6.216193266,-0.613445434,141.7678772,9.919344263,-0.00248417
19.875,2.225,44.63559926,2.041174103,-112.6019886,12.56619459,264.3861039,14.2356123,0.033221528
19.875,2.225,48.63470505,1.812744564,-50.6570187,10.22024331,289.512558,12.99460621,0.048930017
19.875,2.225,46.43362198,1.702892534,78.45153525,-12.38441732,288.1135592,12.94080816,0.063088409
19.875,2.225,57.57032959,1.308601901,47.50463584,-8.067345286,132.7542669,9.640384911,0.032587327
19.875,2.225,63.27434455,1.763685568,51.58787155,-19.30001075,250.4403273,13.32924624,0.051814286
19.875,2.225,62.70127498,1.721589402,19.60129087,-63.01663294,183.5277459,11.73405645,0.037328053
19.875,2.225,64.10991577,1.559381295,-164.7665612,46.27761826,176.3677132,11.22155972,0.038380469
19.875,2.225,59.32865953,0.513808748,48.75669978,-32.12107741,117.46594,3.870458737,0.055140364
19.875,2.225,58.88685736,1.689501674,-38.41935003,-4.04956556,171.7582062,10.12299774,0.023504634
19.875,2.225,50.24402498,1.488526274,42.99863497,-9.299174396,132.0516191,10.28333997,0.0440903
19.875,2.225,49.89367423,1.275849931,121.0919976,3.799728448,138.8586288,10.22563949,-0.006613608
19.875,2.225,49.08294001,1.150660526,-30.92678364,-20.04691848,74.49968054,6.819779029,-0.012683859
19.875,2.225,47.07446165,0.992478661,1.747042464,-9.553850623,74.48846681,6.682840653,0.013965832
19.875,2.225,59.35581297,1.296049039,-22.02296217,3.827575282,134.7150322,8.778933661,0.039920032
19.875,2.225,51.70116618,1.058448094,20.76530863,-1.407711538,96.46195112,7.764661619,-0.028827497
19.875,2.225,53.75086519,1.280747648,32.86356384,3.729858035,129.3445416,10.11103079,0.015709832
5.8125,3.425,0.06075977,-0.006071494,-0.000417729,66479.83392,0.025613904,0.060526794,0.020451317
5.8125,3.425,0.341611407,1.043095058,16.20459656,-1.358467439,72.15396978,7.237546096,0.029497741
5.8125,3.425,0.496557299,0.888916715,45.03915942,4.257837632,72.40709471,7.230259359,0.045239649
5.8125,3.425,7.780956751,0.70568259,50.05648358,-1.908981378,50.3351218,5.37380313,0.07470511
5.8125,3.425,6.628266367,0.723810447,-3.42142321,2.656934315,50.11239542,5.417023789,-0.000121976
5.8125,3.425,12.3502057,0.925692947,-17.03030049,-7.876615893,55.81672967,6.228322557,0.024510481
5.8125,3.425,13.42622784,0.473300933,10.923804,7.339130871,42.74422646,3.988844362,0.058785514
5.8125,3.425,20.5057857,0.04153227,142.9423503,-18.58994363,40.6908214,1.85750388,0.024359762
5.8125,3.425,19.69616553,0.126006622,-59.30444959,16.88171653,34.71665852,1.734686403,-0.002840692
5.8125,3.425,27.05891799,0.143775111,21.58196942,-5.373242909,28.11236913,2.169562368,0.008255764
5.8125,3.425,19.90994685,0.601738936,7.906234363,14.1193212,41.76012276,4.94943702,0.021290282
5.8125,3.425,14.71516865,0.444290362,108.6776516,-9.26447756,40.74964315,3.430659669,0.011567804
5.8125,3.425,16.82468101,0.231851737,100.6638082,-7.425592767,30.66481637,2.283766411,0.009197486
5.8125,3.425,16.07909388,0.702892454,41.69948622,-14.76199854,40.13940049,4.902405234,0.038124215
5.8125,3.425,9.765193538,0.489282488,6.076408608,6.265930487,33.76885294,3.33150686,0.047344876
5.8125,3.425,10.23488692,0.571706404,41.82922607,-25.99517827,34.59194157,3.606299631,-0.039796193
5.8125,3.425,18.60001607,0.186199138,144.7532813,21.10880501,32.48763745,2.855943158,0.047569655
5.8125,3.425,16.4601978,-0.222209424,-66.33064915,58.80757039,31.0324527,3.482597373,0.050403345
5.8125,3.425,19.03680775,0.530309874,130.6791211,-2.065431185,46.19418569,4.615248747,0.015709455
5.8125,3.425,16.26428359,0.328154086,271.8883328,-19.33971973,34.49201661,3.712338511,0.023586439
28.3125,1.025,0.015967406,-0.03959921,-0.000190588,87772.32385,0.149899184,0.009597469,-0.006538934
28.3125,1.025,54.40587049,1.527295889,-44.02171565,18.59655088,314.8074941,12.20336328,0.009145876
28.3125,1.025,60.62133009,1.90874523,-87.3900811,26.91672726,442.9487032,14.79597735,-0.037176157
28.3125,1.025,63.32025748,2.151460229,58.09904944,-358.2827286,444.7243697,14.76219706,0.031018011
28.3125,1.025,67.1561167,1.330113794,163.074174,123.1065028,344.4642408,11.04657069,0.037872183
28.3125,1.025,67.85350933,1.862126751,-37.37405224,-33.13855001,253.7536111,11.17602282,0.049485305
28.3125,1.025,78.18620109,1.881015112,120.7356497,15.16991632,322.0693577,14.27180249,0.075973803
28.3125,1.025,69.24742917,1.787145464,79.57360016,-1.867263201,116.1975703,12.119939,0.03153738
28.3125,1.025,68.61379343,1.676712918,-66.32667171,28.89410788,364.8472665,14.67294321,0.012461749
28.3125,1.025,74.57130564,1.329077242,-137.7113398,54.87189283,373.6895242,14.46469753,0.015233871
28.3125,1.025,70.53781507,1.524750485,-26.18603108,22.63177938,204.6361744,11.64435152,-0.01773778
28.3125,1.025,72.24471459,1.592243826,-150.5780923,35.72415876,209.2249722,10.94717329,0.020727148
28.3125,1.025,67.05326408,1.999664867,-89.00891154,-33.19066302,218.9812346,12.25264872,0.017722631
28.3125,1.025,61.85249518,1.069966827,-68.15816209,49.7981956,111.0233279,8.298902669,0.011312228
28.3125,1.025,65.90944827,1.288493023,140.970246,-22.72198299,132.5273299,10.40943515,0.00243596
28.3125,1.025,69.71711194,1.775711205,11.02983188,-55.88725664,313.3212303,14.36648421,0.016129697
28.3125,1.025,69.11359453,1.550249145,86.51827369,-32.78058207,168.6697689,10.17060901,0.021759013
28.3125,1.025,62.04461136,1.499219889,56.14895709,-27.34896821,167.8805206,11.94900004,-0.008081686
28.3125,1.025,70.88418349,1.837886463,0.267796353,-40.70006887,235.2282887,11.82685505,-0.024580237
28.3125,1.025,72.94143299,1.456230194,8.356945273,55.47840198,230.7062014,12.55847387,0.00685132
3,1.325,-0.0075076,-0.028469491,-0.000218981,92608.71955,-0.03991372,0.04475905,0.015828742
3,1.325,3.900149321,0.200861655,-0.008806076,4.429636635,30.431987,2.013260347,0.039602663
3,1.325,8.123018509,0.37124871,2.210840163,-0.407990412,32.9137953,3.154433954,0.050070983
3,1.325,7.917718913,0.377233231,-0.475641619,15.94013549,32.90062626,3.239235272,0.018698331
3,1.325,6.446338124,0.072997791,-2.559629581,-1.686617778,27.23409947,1.188171962,0.040895215
3,1.325,7.244101614,0.06092976,63.77139885,-9.873720889,28.04760421,1.770242865,0.054905615
3,1.325,3.225524675,0.250817481,-12.04489358,4.996715347,31.57268695,3.079950798,0.040587319
3,1.325,3.874824687,0.309367105,1.086031537,-7.537082364,31.92219948,2.943148943,0.029491027
3,1.325,5.814379858,0.150712709,-9.652203487,3.954287171,29.00052168,2.107412751,0.036876798
3,1.325,5.119263658,0.223097189,-16.14027194,0.875183913,29.20299812,2.129395855,-0.014084035
3,1.325,5.095207241,0.157636543,15.65686076,-13.45531663,26.72752315,1.454867465,0.015286379
3,1.325,7.635141463,-0.044829169,28.48596578,1.149535721,26.39166207,1.337534892,-0.020124141
3,1.325,7.058393628,0.124188761,41.48624142,2.064771172,28.23219479,1.626660444,-0.0013406
3,1.325,5.426701246,0.185866892,6.270275678,-5.861668546,27.63138085,1.732795648,0.01852151
3,1.325,6.820725172,0.155322675,5.687254043,4.087199265,27.23003356,1.756284107,0.030478682
3,1.325,5.938771023,0.226135619,-72.33430033,-6.445022165,27.38992184,1.706558855,-0.013391937
3,1.325,7.609016973,0.290704073,-13.88605272,8.183778177,29.76711611,2.696324676,0.054969163
3,1.325,9.890414339,0.317223321,5.86125606,-2.824791296,30.56369235,2.488823065,0.000413581
3,1.325,10.77292327,0.313885312,2.652068465,-19.89855026,30.18253219,2.348603122,0.012618211
3,1.325,8.870047144,0.163070326,14.64862647,26.29135436,28.10388523,2.061144092,0.039224957
25.5,3.725,0.022647446,0.019931277,-0.000446122,78929.63684,-0.018743438,-0.07651398,0.053163158
25.5,3.725,17.51681423,2.001992833,44.3956233,10.59983476,364.6762797,13.90787497,0.040648764
25.5,3.725,38.96675306,1.35209177,440.5335283,157.7917602,214.0867148,20.81316089,0.032601955
25.5,3.725,71.67050258,2.110738499,-73.70949985,-9.970426769,330.6973579,14.78914869,0.017415788
25.5,3.725,62.13977284,1.960494596,-56.66834037,13.89535222,370.2235877,14.18609968,-0.020386035
25.5,3.725,75.46717545,0.950398599,60.92718251,1.805677055,93.35829524,7.193301651,0.039554422
25.5,3.725,70.01259926,1.235526909,12.45355523,-10.32377398,133.1346363,11.03709201,0.026943377
25.5,3.725,75.91431465,1.673324128,-174.9363425,-9.00111654,135.7664357,9.490811952,0.048881564
25.5,3.725,55.84410381,1.476896432,-123.715409,23.42364745,177.7502439,10.33823304,0.004355648
25.5,3.725,68.52421942,1.797835412,-87.27862795,-33.80842977,165.3318768,9.411957071,0.029328791
25.5,3.725,67.13256049,1.243178238,-36.9101303,-10.16927026,233.2758015,9.200105312,-0.004590516
25.5,3.725,62.23847577,1.224673121,3.320287268,19.8405533,165.0401898,11.45126564,0.010155389
25.5,3.725,71.04983041,1.526676553,-21.15527443,-6.647303211,172.9094024,9.888474788,0.042043181
25.5,3.725,62.86735637,1.054312458,223.1173666,7.08713445,91.99243769,9.421324244,0.0104893
25.5,3.725,55.04447051,1.125030761,90.6292788,-6.451798647,111.9506679,8.867026155,0.016363333
25.5,3.725,66.5685205,1.247142434,5.371010478,-5.701294496,255.698969,9.727792912,0.055024621
25.5,3.725,59.40374413,1.274614913,89.16495244,-21.57462902,181.5982546,9.184396944,0.049129116
25.5,3.725,68.0695834,1.325812968,-7.435374392,10.17625502,215.4173326,9.986418119,-0.009272722
25.5,3.725,63.6032662,1.624769257,-110.7022513,-7.250656322,190.139962,11.20910893,0.049865316
25.5,3.725,64.97144838,1.598928195,17.66575387,7.519973515,202.0498211,11.89990821,0.003551572
14.25,4.925,-0.000148864,0.001435551,-0.000559692,76970.74726,-0.086934725,-0.061525142,0.014025316
14.25,4.925,12.15084942,1.490433696,5.98897326,1.200110028,156.9006521,10.38517547,0.027233263
14.25,4.925,33.51537479,1.451253037,170.3587293,-6.652986647,176.1694932,10.97149247,0.016598561
14.25,4.925,29.34314689,1.42877046,37.57397771,-149.2964871,106.3886366,8.592709416,0.018783616
14.25,4.925,47.08214677,0.853145273,17.88472824,43.48484998,109.625471,8.019373412,0.051420616
14.25,4.925,42.48898389,1.348212115,10.55423783,27.57543733,108.8658148,10.22967667,0.012671159
14.25,4.925,53.89861087,1.162110934,-5.513924727,-19.7133595,113.8249054,7.292741445,0.009158572
14.25,4.925,57.71205957,1.188054092,90.97626874,-7.625707815,113.2223407,9.153287878,0.036139002
14.25,4.925,55.75780015,0.875219904,-295.6151941,-23.18147918,52.5802648,3.364492972,0.007688115
14.25,4.925,39.65980622,0.872503588,-15.334097,58.66247193,86.23015244,7.216672266,-0.008931133
14.25,4.925,38.66332819,0.820085415,86.74414668,0.819432503,85.53122021,7.543020162,0.032125252
14.25,4.925,44.25442249,1.448876059,246.3919784,-73.92945907,83.79782564,6.773718947,0.020403878
14.25,4.925,40.88283368,1.497729516,-63.63926549,0.610104242,109.684668,9.574388547,0.003290285
14.25,4.925,52.66496041,0.923180255,-14.53978747,-21.24828467,84.97404773,6.428596857,-0.008336668
14.25,4.925,34.68855643,1.218782344,59.77364588,-7.275821346,89.27939736,8.810487282,0.057361987
14.25,4.925,46.3053363,0.618398248,50.03879899,16.12940794,80.21865958,4.92953863,0.022010587
14.25,4.925,40.32208205,0.789318357,161.6552938,-27.6749487,66.39620555,5.798418573,-0.018805395
14.25,4.925,29.34247571,1.049744159,14.69995124,14.05060913,64.54293628,7.372800232,0.004483091
14.25,4.925,42.82829917,1.025591964,-90.39335633,22.14907071,68.77231189,7.008961045,0.018540891
14.25,4.925,39.14128858,1.15529696,-91.2403519,36.0931731,83.41788976,8.255863299,0.026817472
8.625,3.125,0.037475407,-0.00930078,-0.000389337,68926.03563,-0.103480332,-0.015308068,0.011761378
8.625,3.125,1.413064105,1.336041137,1.608754215,1.122945988,117.2383191,9.569128668,-0.01465108
8.625,3.125,8.048603814,1.101744763,7.741287187,4.589373215,83.14593536,7.851463771,0.039562218
8.625,3.125,30.74313437,0.534269898,-80.64765906,2.372319778,41.55483186,4.010850958,0.038948066
8.625,3.125,31.3866024,1.06162601,-40.7872947,13.60517728,73.40475527,7.68803392,0.027430863
8.625,3.125,32.21262449,0.629557881,120.8211415,-17.35153566,46.93066184,4.951328556,0.009540915
8.625,3.125,37.21419015,0.727842898,99.93809317,-14.30711136,51.83488469,5.664619951,0.004861004
8.625,3.125,31.39046064,0.159535186,12.56415812,-15.36815702,31.24896547,2.499126056,0.019354332
8.625,3.125,35.9034495,0.172719444,0.517747608,-9.254889655,30.16147468,1.973319348,0.019449351
8.625,3.125,33.27451944,0.761671869,133.9027701,17.7945621,62.00382494,6.775037892,0.028653579
8.625,3.125,35.51557491,0.677456393,121.1263075,-8.995762685,56.84608674,5.99429131,0.026964493
8.625,3.125,29.43602431,1.053371652,-49.86420741,-14.32134553,56.0084191,6.415236978,0.0192441
8.625,3.125,30.03365647,0.981814771,-33.67041831,0.018741438,56.84608174,6.528346875,0.011668892
8.625,3.125,27.93633009,0.798442796,-17.65207734,-28.87130781,52.26823875,5.367615832,0.02510928
8.625,3.125,18.44668641,0.344259545,101.3450907,4.969258375,35.38958828,3.702581684,0.016709699
8.625,3.125,23.84187828,0.199277527,71.9844488,16.67904776,34.65163756,3.255097736,0.035123383
8.625,3.125,32.94316423,0.649519486,126.4728254,-4.004579412,51.86755518,5.545963137,0.026524404
8.625,3.125,23.69417491,0.812650687,83.7843262,11.64131173,59.69774001,7.201011164,0.017679606
8.625,3.125,29.53422574,0.591491485,-127.3480515,30.59028194,44.79615832,4.904304233,-0.000814273
8.625,3.125,25.9603671,0.600848995,-30.24087296,36.07720373,45.86605052,5.097153108,-0.013125582
31.125,0.725,0.092422367,-0.013966115,-0.000162195,75570.73719,-0.149919669,-0.01742284,0.056984007
31.125,0.725,54.72318614,2.122226289,60.57959771,32.53536602,451.0553867,13.86750172,0.017354329
31.125,0.725,51.76201523,1.829700373,117.1524027,11.02654606,428.7534617,14.01119257,0.01877795
31.125,0.725,61.5833393,1.341419718,99.60215324,6.348347535,357.7878851,12.33665655,-0.016569391
31.125,0.725,67.46173249,2.040962011,-22.29874433,-12.66579265,306.4098379,12.79213595,-0.002255846
31.125,0.725,64.77753783,1.601722895,17.89208354,18.65337133,304.8190893,13.11194479,0.041568492
31.125,0.725,67.82970178,0.529955473,31.6753645,129.3925702,304.879821,14.61298448,0.007375319
31.125,0.725,67.01161997,1.558511661,-56.14577318,-8.324599234,241.2555345,10.63507312,0.001567252
31.125,0.725,75.40685221,2.071369892,28.74664549,7.104070234,495.6136751,14.61681675,0.018092842
31.125,0.725,77.44684453,1.873472591,53.23243198,19.45236016,491.3437406,14.79300547,0.050275414
31.125,0.725,75.87628708,1.770798771,49.43812449,17.02581227,491.0754317,15.04813784,0.035691204
31.125,0.725,79.31971084,2.068902281,-107.0142613,15.29570404,488.3713526,15.03402629,-0.016756852
31.125,0.725,70.27068397,1.355127235,80.96587878,-35.6533514,136.9567099,9.899052713,0.024325174
31.125,0.725,71.72959171,2.648792578,145.4351432,-76.22140969,245.6119165,16.65346988,-0.025276419
31.125,0.725,72.12170111,1.666522016,-66.56669372,16.2554244,263.8370915,12.91990374,0.034814667
31.125,0.725,68.32939361,1.419970345,97.45205235,-37.02079119,141.5614953,10.11765101,0.002770074
31.125,0.725,69.75450904,1.516578066,111.9088338,-18.72811574,201.3127235,11.35123823,0.026383914
31.125,0.725,71.38252528,1.844884903,101.2563221,-24.08533424,377.3337278,14.88033335,0.018533812
31.125,0.725,76.26883244,1.770132705,121.7079415,-8.032372631,385.6619126,14.01341121,0.012269994
31.125,0.725,76.11577184,1.573027698,86.95662348,16.16959863,269.8517814,13.1973189,0.037763609
19.875,1.925,0.011819932,0.012727543,-0.000275766,70513.75433,0.103551414,-0.017017741,0.032289866
19.875,1.925,10.8581169,2.411130105,-24.94512979,-9.473327038,318.4226828,13.97636844,0.031796428
19.875,1.925,28.87105713,1.789330285,-2.076445833,23.80484289,209.6481569,12.65104909,0.026840486
19.875,1.925,26.34493972,1.722061442,-15.28623407,1.707515746,228.3689058,12.03889979,0.019737828
19.875,1.925,46.05299359,1.855968325,-59.36322044,-16.13628372,277.0191847,13.38749557,0.027907843
19.875,1.925,52.54569089,1.046786799,86.09574752,5.644964628,186.6101567,9.051678698,-0.006120023
19.875,1.925,57.15381397,1.409403948,92.66985425,-6.688703489,159.5581375,9.548911092,0.012282358
19.875,1.925,65.83462222,1.643357472,88.64249369,-7.610365816,245.3516429,13.4280154,0.038567698
19.875,1.925,59.52005458,0.831493323,-37.34825782,65.81974609,170.9626381,11.65380864,0.01845275
19.875,1.925,61.50186137,0.384463315,-109.6472666,21.1621597,111.2204494,3.90745134,-0.001943494
19.875,1.925,56.9273774,1.203096205,-92.00454123,-8.820162539,88.51770269,7.64384099,0.03080387
19.875,1.925,60.25024012,1.764813817,-56.35115866,-0.778117604,203.422977,12.12352901,0.020673723
19.875,1.925,61.39361754,0.484907264,9.512686184,81.05245056,181.0408395,6.314088291,0.060693522
19.875,1.925,55.20736948,1.244727053,28.54190949,5.055632885,126.2483524,9.381022121,0.0257352
19.875,1.925,48.47560913,0.927035477,170.1600573,-8.5349266,97.8986535,8.52604488,-0.010419153
19.875,1.925,51.61776819,1.304266035,-179.5378941,133.5772942,99.91952163,8.925251999,0.018372021
19.875,1.925,52.79743732,1.576559657,-36.81386463,7.905198045,195.7618301,11.88013462,0.027117806
19.875,1.925,58.41725366,1.464723258,40.35536679,-5.621884348,200.9833985,11.31109388,0.022279248
19.875,1.925,61.79559357,1.293308175,-117.1222198,-26.73225331,137.3430393,8.016997462,0.001815263
19.875,1.925,54.86476423,1.310728957,72.2794618,9.855829477,131.5459955,10.34365314,0.022632374
5.8125,1.475,0.031355826,-0.035721271,-0.000233177,79976.74613,-0.121385357,0.032571753,0.04037194
5.8125,1.475,7.868734953,0.693451631,-0.377566127,-0.431467924,49.37158456,5.044164067,0.007003644
5.8125,1.475,13.77237504,0.510126025,-4.675705914,5.355607584,39.73756094,4.059577607,0.055233961
5.8125,1.475,18.87790806,0.502678698,36.04570388,-15.77288169,35.22706767,3.676039496,0.024048409
5.8125,1.475,17.51261447,0.180672601,28.1396479,-6.308503959,29.84011831,2.030280875,0.019591633
5.8125,1.475,22.17433803,0.149618412,12.13501648,-12.06102019,27.93073842,1.652459806,0.027079504
5.8125,1.475,14.42332276,0.719983435,-38.39357738,-7.046374479,41.71171664,4.907154151,-0.002115315
5.8125,1.475,11.31521783,0.708482986,8.986373937,-52.37980418,43.67688923,4.80792116,0.051936723
5.8125,1.475,12.93269747,0.493199737,16.60175766,-0.595423929,36.81956983,3.991152993,0.011731423
5.8125,1.475,12.62396618,0.416353774,68.18859043,11.90945555,37.50689691,4.198851238,-0.000447191
5.8125,1.475,14.888186,0.515026731,-99.53335821,12.90903267,37.64530766,3.681163023,0.020721671
5.8125,1.475,21.76620078,0.584599978,16.55765345,-5.874075987,39.66922957,4.070417375,0.022910628
5.8125,1.475,17.04378543,0.318355853,-28.67228519,-3.944179271,31.19342594,2.755748951,0.018733493
5.8125,1.475,15.29229868,0.351744609,3.427574873,-12.46590984,31.31912657,2.905833311,0.037444821
5.8125,1.475,16.92582025,0.3345924,12.48495226,-10.21676777,30.60880681,2.628521062,0.015230759
5.8125,1.475,17.73183909,0.315444311,-9.830874098,-4.403769871,30.8181014,2.51340862,0.033510652
5.8125,1.475,23.06506399,0.577211948,-79.34766087,17.34648625,40.17897916,3.955027386,0.01386184
5.8125,1.475,21.91169651,0.547046024,-53.35810067,-3.974690119,39.77016457,3.856085332,-0.005329373
5.8125,1.475,23.79312481,0.301722957,-5.774669231,-7.534569204,36.65193658,2.766795495,0.043502328
5.8125,1.475,18.2126375,0.484146823,-79.98214306,1.885915939,33.86852624,3.374436998,0.015953738
28.3125,3.875,-0.04091739,0.010383131,-0.000460318,77083.41953,-0.063544422,0.014877,-0.001091838
28.3125,3.875,16.60070808,2.206961491,-4.263225086,0.471818317,388.1046703,14.14066495,0.012008646
28.3125,3.875,15.79638187,2.124819137,-5.425078517,2.513114081,387.8520481,14.14429319,0.025058264
28.3125,3.875,49.65365727,1.986038061,123.3876021,-22.95582678,491.8510884,15.31915693,0.009018796
28.3125,3.875,63.1701021,1.151553493,51.29006383,-14.77914017,119.4878969,8.983318623,-0.013631786
28.3125,3.875,70.06776065,2.146151404,-9.371435887,-22.43733434,350.5787355,13.7535529,0.014856248
28.3125,3.875,74.53280635,2.082173742,-0.274900479,-21.49993528,355.0317231,14.97844684,0.030034192
28.3125,3.875,82.35933195,2.114091706,23.40231625,-26.88678764,352.3653376,13.33518686,0.026892213
28.3125,3.875,72.07157455,1.333187255,-1.181117894,112.0488578,349.4268641,14.34681197,0.043717227
28.3125,3.875,46.19198172,0.86874127,-77.69689579,118.877816,344.988738,14.32220778,0.013360033
28.3125,3.875,71.94627897,1.619848127,52.55607855,-6.903684212,223.7865585,12.18867406,0.042061452
28.3125,3.875,66.27901214,1.073661585,-71.03775168,23.42583523,134.3315213,8.563394173,0.01440636
28.3125,3.875,67.79794935,1.122291162,-58.20795612,52.96809849,124.433292,10.39376373,0.038635812
28.3125,3.875,67.45049176,1.094167906,42.42544799,10.79454727,124.2314485,9.948456847,0.047654364
28.3125,3.875,73.61936366,1.381563224,-176.1318827,44.76638546,331.7114517,10.00280507,0.032398686
28.3125,3.875,70.53486669,1.456039678,-112.4090808,29.38317566,284.8359246,11.53908611,0.007070986
28.3125,3.875,66.83766793,1.71201634,-79.44925452,15.82744912,251.8181904,12.22717608,0.012113283
28.3125,3.875,58.87649106,1.830367133,-40.88091083,-14.59750844,247.5829411,12.2488905,0.000630948
28.3125,3.875,67.27583695,1.621977125,-29.9636339,-36.93681405,161.423977,11.04458986,0.01121779
28.3125,3.875,69.33410268,1.760474404,-147.8852126,63.74800549,242.4862313,12.72821525,0.036960143
36.75,1.4,0.016078192,0.027801179,-0.000226079,68053.22832,-0.147444604,-0.016077984,0.010551428
36.75,1.4,53.79914711,2.357151341,49.68869582,-14.95630072,534.9597363,14.86646135,0.024164299
36.75,1.4,56.20612088,1.59469076,141.5964642,228.9012371,451.9940739,14.49970042,0.000133271
36.75,1.4,54.8106694,1.864188156,-46.67953717,-12.63064115,439.9439278,14.38529387,0.013639123
36.75,1.4,60.27603853,3.035381735,351.2235606,-3.765650202,419.7514959,22.22957779,0.05808131
36.75,1.4,69.91696691,2.121819974,72.44482165,-20.2866322,660.3363134,15.78956629,0.018828658
36.75,1.4,70.35749158,2.019146318,88.68428787,-13.40338512,409.9020478,13.07335723,0.031426601
36.75,1.4,86.96517826,2.142934908,-7.595551982,-197.8621737,411.5097429,13.31952409,0.012604239
36.75,1.4,81.03456871,1.746099725,-42.89144235,54.81249756,407.6866447,17.09343335,0.032369662
36.75,1.4,72.5832389,1.975808741,39.56723032,-31.62662611,278.4016262,13.26548075,0.017207972
36.75,1.4,71.42122481,2.99054013,186.1503675,-34.39374676,321.4202685,18.31480295,0.003263514
36.75,1.4,74.60981911,2.179048637,76.98672597,-49.9517846,353.8927313,13.54852173,0.037684055
36.75,1.4,77.5790279,1.981176243,-98.78863449,-1.90372031,357.253179,14.53920421,0.030348299
36.75,1.4,76.41381982,1.236373408,-63.0896115,29.4761478,235.7098613,10.17549613,0.037263163
36.75,1.4,69.35806268,0.490433581,128.5642767,32.27697876,213.4467932,10.52453191,0.016487822
36.75,1.4,71.67667876,1.491887566,53.95092947,-8.80100783,210.664613,11.48530539,0.003000204
36.75,1.4,74.46251638,2.775714753,-47.6757755,9.60766524,331.2263844,20.54702155,0.053071239
36.75,1.4,76.93343651,1.519484673,-148.5523857,49.92036116,258.4826953,13.89890726,0.007071404
36.75,1.4,82.27607792,1.850380493,-17.11552297,27.40600848,349.3574702,13.4571018,0.015120714
36.75,1.4,81.10691732,1.865648115,72.29080139,8.610916894,358.0046273,14.23924282,-0.017937266
42.375,4.4,0.091614467,-0.001964567,-0.000510005,86352.92954,-0.099040576,-0.00912553,0.01603212
42.375,4.4,17.86415899,2.300965367,17.0379346,-7.289470179,691.3199943,15.81273465,0.041783537
42.375,4.4,30.4186614,2.332205474,40.36165448,-0.228498751,679.4049261,15.32489748,0.061257149
42.375,4.4,28.54838652,1.938118464,89.81743368,-24.72972276,557.2684928,13.4210333,0.019914623
42.375,4.4,28.38617742,2.153521963,-12.05354413,4.197144706,502.3276019,14.46797355,0.00828605
42.375,4.4,77.55816099,1.589436052,148.8906809,12.46923459,520.756383,14.27350098,0.02138732
42.375,4.4,82.17709946,1.683160921,-120.4622672,40.32346233,569.4572824,14.10246598,0.039011073
42.375,4.4,83.49483425,1.06881624,-62.48714442,13.1253106,349.643657,8.949174386,-0.015676442
42.375,4.4,94.17652411,1.484833809,-44.85714116,11.13593853,202.7474371,11.07142734,0.025609072
42.375,4.4,84.68002889,2.412539253,89.3032387,-47.23376833,318.3593164,14.17852893,0.085140028
42.375,4.4,72.77617426,2.443327866,48.32337746,-4.343762572,671.8806562,16.16569092,0.029747226
42.375,4.4,72.19262186,2.166169058,44.17921987,-6.660208956,454.6093889,14.55613133,0.017913216
42.375,4.4,77.97909308,1.360269228,45.49850812,16.61092749,314.360312,11.30868538,-0.011641016
42.375,4.4,72.81817241,1.537553212,88.93326764,-1.425116513,283.0847437,12.59698551,0.027820005
42.375,4.4,85.59811245,1.781368615,-3.263388233,-7.386818386,488.6527773,13.71264552,0.015052484
42.375,4.4,82.29706698,1.8723454,-80.3173613,-26.25138071,333.2520379,12.84906124,0.004779233
42.375,4.4,91.50162902,2.243489889,46.55393139,-34.67776355,603.5654677,15.26435039,0.02830677
42.375,4.4,86.27812279,1.729042887,58.1809943,3.932303311,453.4806322,14.89715881,0.041349312
42.375,4.4,80.22668708,1.847636599,35.51901493,-11.98883237,453.1204687,15.11035522,0.047370061
42.375,4.4,77.00020389,2.201605271,-239.7533019,34.071587,466.016157,15.08320878,0.041155089
36.75,4.1,0.060637607,0.026121082,-0.000481613,62249.69112,0.015815999,0.009108842,0.007536084
36.75,4.1,3.538205938,3.996094764,410.7144027,57.81216165,344.1703874,27.57094881,-0.002479058
36.75,4.1,2.55592112,2.839177661,-24.78115943,3.238972531,659.9781744,17.57160833,0.061744023
36.75,4.1,14.66350231,1.668867779,250.3413258,-20.15721377,648.4716738,15.45494674,0.004842951
36.75,4.1,14.37036037,2.14886299,-36.82065131,13.49476526,614.8133188,14.09482827,0.021937929
36.75,4.1,28.787508,1.96824646,61.38473551,-16.49347183,421.6615383,13.76200809,0.017076149
36.75,4.1,80.62905936,1.804695716,22.24077215,-107.0488947,400.5395328,14.39207484,0.019644786
36.75,4.1,89.21188216,1.911803506,19.83675564,18.43218313,400.3799744,13.23773495,0.0403748
36.75,4.1,81.06803619,1.945603296,41.98759893,19.79235557,489.662019,14.92758858,0.032268294
36.75,4.1,80.49557523,1.434438353,38.97458641,35.67122971,238.4309092,13.04630007,0.037209798
36.75,4.1,82.15340932,1.571616306,-26.54655717,67.74925844,534.9478201,15.25048722,0.025782134
36.75,4.1,70.90332637,2.188877985,-46.24230604,-33.50598,471.1188114,15.02392752,-0.008409523
36.75,4.1,74.53891477,1.624401459,79.31929359,-0.889169595,199.7557187,11.07764974,0.029773816
36.75,4.1,65.37445716,1.801753505,118.4508592,-36.20077821,386.4573288,14.85607696,0.035857016
36.75,4.1,70.18288644,1.626383331,69.29819298,8.902426457,279.5637684,12.55241753,0.018769147
36.75,4.1,69.91007491,1.827440705,23.6863792,2.475827627,266.9783028,12.84664769,0.02136617
36.75,4.1,70.35986322,2.676606163,-23.44480619,53.78671645,330.2740374,20.42097232,0.018333084
36.75,4.1,79.19369303,1.829165599,23.30370227,-11.97781449,399.5925526,12.3015617,0.02475948
36.75,4.1,74.35085577,2.013506169,-83.34534283,27.77933928,359.5234774,13.84536163,0.052978751
36.75,4.1,75.51204158,1.968309182,121.6790859,8.195733743,378.5620333,14.2382844,-0.016674779
42.375,0.35,0.080436555,0.027305361,-0.000126705,64499.8678,0.074999068,0.017270674,-0.00408097
42.375,0.35,49.61956958,2.000552137,-12.35116837,-9.330152524,768.3537038,15.99789182,0.02351167
42.375,0.35,70.49377475,2.19174832,25.76777167,-16.93720071,615.3387999,15.38239613,0.010210336
42.375,0.35,84.80131004,2.106845691,117.4764044,-17.26041337,760.927359,16.17812327,-0.005065764
42.375,0.35,78.5715834,2.075917177,66.67635433,-31.03375368,465.4226498,14.58840893,0.013890979
42.375,0.35,83.12164933,1.719142334,-105.0739153,62.98391311,759.1791424,16.14222822,0.044550057
42.375,0.35,85.97133709,1.715373725,53.73787079,-10.24342541,534.2602134,14.8737931,0.021419736
42.375,0.35,82.45599215,2.470056194,-65.81498284,-51.34869148,607.2991328,15.46747631,0.049141085
42.375,0.35,79.07673418,1.74722999,-147.7495366,14.85191239,352.4393374,14.89365212,0.025248076
42.375,0.35,75.27032673,1.667857536,-67.25537896,18.17891389,268.537379,13.04983409,0.028640814
42.375,0.35,77.45244437,1.948164671,38.40488073,-32.26177849,264.9809615,13.2630493,0.008700226
42.375,0.35,70.90327234,1.765941618,-79.13444162,-22.66585439,266.0229982,12.61938412,-0.023493829
42.375,0.35,87.20433747,2.294728671,55.93229998,-0.731451172,620.3185219,15.29997042,0.078629063
42.375,0.35,82.17120602,1.986465006,-54.44423471,24.59577223,451.2035641,13.96196452,0.007220114
42.375,0.35,81.12378099,1.970306362,-48.49024284,28.835272,451.1484993,13.8438526,0.028558845
42.375,0.35,80.1742106,1.388227693,127.7214221,-13.11301833,438.6408766,11.27200738,0.045761514
42.375,0.35,84.31598356,1.822334778,81.14002316,-4.726100364,333.1437834,13.87536377,0.07021351
42.375,0.35,75.73963644,1.847681207,72.59534904,-33.50567137,344.7121853,14.06373931,0.052783944
42.375,0.35,82.90659849,1.951232063,72.37250537,-6.140805207,442.2522961,14.86427905,0.02762294
42.375,0.35,86.50784165,2.227600002,31.38815417,-18.34764825,448.4272837,14.91389762,0.048879682
36.75,2.15,-0.043583215,-0.003889558,-0.00029706,77826.45974,-0.204044781,0.002070498,0.022757942
36.75,2.15,1.032501212,2.21851212,-1231.42854,723.9468537,54.02539023,46.11024108,0.049067159
36.75,2.15,12.77428364,2.055946626,50.76613262,12.38030948,724.4266528,15.98314158,0.02229553
36.75,2.15,13.37478077,2.213482329,35.29104298,0.221135994,724.4276109,15.94718359,0.010861914
36.75,2.15,26.88615092,2.089906079,17.47112674,-11.55224599,702.1219502,15.56785845,-0.026877105
36.75,2.15,57.37707353,3.005322644,-28.22903804,-83.57753065,634.5510468,16.23833018,0.017507213
36.75,2.15,68.77359249,1.800444588,-152.4313325,0.693417238,453.5708903,12.96049901,0.027264859
36.75,2.15,79.80657487,2.10428336,69.90268746,-16.10343945,464.0672063,15.26702446,-0.006086684
36.75,2.15,82.74272202,2.38846107,7.301543235,-25.20235404,521.0119982,15.91624878,0.040618706
36.75,2.15,70.77183103,2.273607289,-77.37256631,-204.2857796,460.8797552,14.58766033,0.034631433
36.75,2.15,66.98181266,1.295967971,61.55687399,48.79139681,460.8044973,14.87619469,0.049029769
36.75,2.15,73.51431448,2.602021286,-25.84955409,-17.88521685,466.7365196,14.51328358,-0.013133891
36.75,2.15,72.44821628,2.059074006,-150.1135826,9.711271193,362.6477368,13.6190464,0.025224735
36.75,2.15,75.14748982,2.199577138,2.052139529,-23.31642705,371.0813664,13.62127024,0.037969913
36.75,2.15,68.72454524,1.673749605,116.824948,5.386252565,203.9177262,11.81762621,0.024945728
36.75,2.15,64.99229796,1.469968651,21.54493281,8.405669749,219.6623036,12.02653742,0.010644066
36.75,2.15,72.94570873,1.43215668,79.47561635,91.24174716,210.9007182,11.32609754,-0.020560647
36.75,2.15,78.33967705,2.295775313,204.5049622,-34.82813879,512.3686044,15.10875001,0.019892507
36.75,2.15,68.5580435,2.153853414,-14.59594916,-102.3726486,367.5119898,13.7058902,0.015576196
36.75,2.15,79.04494637,1.754480115,-31.11558402,94.70299429,364.9886844,14.18359331,0.01759832
42.375,1.25,0.063107972,5.17E-05,-0.000211882,77376.39741,0.171138168,0.077566968,0.022961212
42.375,1.25,10.60817536,2.767818889,36.76179736,21.85729146,695.5723286,19.20820994,0.008827067
42.375,1.25,60.92456936,1.940499841,-61.43202635,24.88500053,630.9043484,15.41996268,0.057012655
42.375,1.25,64.00031983,2.165576122,69.57746343,-27.0545934,576.5408268,15.32560169,-0.020438059
42.375,1.25,60.80592781,1.754908579,-74.16732618,-6.197812093,405.5421851,14.78515966,0.027015433
42.375,1.25,79.53699294,2.119513924,131.9651683,-35.12605897,516.8121821,14.23501139,0.008429509
42.375,1.25,78.20509677,1.994107553,4.35911577,-15.80982541,504.4448724,14.6210605,0.023865453
42.375,1.25,82.29050959,2.015637706,-19.92269524,-33.07259374,498.335746,14.62125453,0.057133623
42.375,1.25,82.6634988,1.51696063,-104.9759936,31.82859551,546.2417352,14.6555862,-0.00027589
42.375,1.25,81.18724122,1.798571027,42.02225166,-5.864824586,339.3411849,13.90265937,0.041566235
42.375,1.25,82.54969645,3.367446112,-216.6181351,-2.312820218,485.7573062,20.15261487,0.042118997
42.375,1.25,72.32412459,2.072518161,-60.47562184,-7.226783062,357.2303479,13.81155501,0.04645153
42.375,1.25,82.08862482,1.379147761,155.1528164,-62.97604493,405.0039952,9.781506682,0.042126482
42.375,1.25,70.11205425,1.735040917,-128.7162751,15.1929327,265.2062532,12.69535992,0.048847481
42.375,1.25,81.2486103,3.242736069,-157.3812535,58.51725973,382.5670941,22.47994578,0.04221699
42.375,1.25,77.86083652,2.31982041,-74.62542289,-16.14585497,463.6222671,14.71071132,0.031884149
42.375,1.25,75.63733876,1.727670233,-4.175885612,41.44121586,349.4563118,13.4257896,0.025365259
42.375,1.25,81.86020066,2.106166803,75.30945917,-11.80249743,339.2186753,13.27529553,0.030756118
42.375,1.25,89.57173919,2.216369514,-46.95580465,11.08339,595.2614684,15.387157,0.048215404
42.375,1.25,78.28079911,1.738455601,-20.67036957,54.14518654,452.7591024,14.85144414,0.072923961
36.75,1.625,0.018692369,0.016612883,-0.000247373,79938.22121,-0.136033421,-0.034835774,0.017569041
36.75,1.625,31.23359633,2.165528384,-18.59934243,-6.219163038,679.0088383,15.55667807,0.022759807
36.75,1.625,46.8586895,2.19384909,-60.16504121,-1.492157573,537.9754187,14.90005395,0.018920012
36.75,1.625,49.24690803,2.045875319,-22.06708253,8.645182291,474.6582232,14.48053291,0.006685915
36.75,1.625,46.96199214,1.992479786,35.54674818,-0.792583347,481.4053333,15.49801506,0.033825076
36.75,1.625,76.8439402,1.876883258,-53.42702398,9.355106086,414.5524474,13.61380255,0.035220888
36.75,1.625,82.58088629,2.084869827,-5.339527272,-18.33853037,407.0481949,14.37393816,0.010104269
36.75,1.625,68.68639583,1.523673434,51.04542684,-37.02312909,193.4870265,11.18437319,0.015999031
36.75,1.625,68.86272259,1.611702226,-6.371485412,-33.6022131,189.3720294,10.56812032,0.004195295
36.75,1.625,71.44732209,1.959173562,-102.0642501,26.75061007,211.1307016,14.50288286,0.02275908
36.75,1.625,76.2231777,1.55634371,-12.32976137,25.85915705,270.6190212,13.05649052,0.027894124
36.75,1.625,81.93968369,2.717820986,18.39935489,-40.43344827,530.6200846,15.02116726,0.021918651
36.75,1.625,76.27270954,1.895010714,-22.66642054,5.739928253,283.7683694,11.21663123,-0.001991263
36.75,1.625,76.16955435,2.183090629,96.01331663,-2.351511591,457.8523823,14.39911692,0.053005016
36.75,1.625,67.94353268,1.466850386,115.9116833,-12.23239253,208.2841627,12.37998513,0.023056509
36.75,1.625,74.54240123,2.443668284,-135.7595706,-29.6903408,507.9624966,15.00047331,0.060632441
36.75,1.625,76.75814996,1.665556521,-16.2781701,13.26963835,259.6404894,11.70401682,0.038147696
36.75,1.625,79.73507271,1.685761771,-55.81716709,15.56190339,267.7183577,13.0460284,0.026346551
36.75,1.625,76.78415552,2.027450362,-71.74240872,-0.036867802,359.6697422,13.49114631,0.039227326
36.75,1.625,77.5460247,1.752955081,137.4078085,31.84572914,360.3847592,14.2074603,0.038820964
42.375,4.625,-0.065607531,0.007258784,-0.0005313,65598.34714,0.191450349,0.015425124,0.04846664
42.375,4.625,-0.058888039,2.655427207,-17.33552927,0.528337802,851.4910817,16.95020725,0.0130666
42.375,4.625,39.40858049,1.71640172,315.8785132,-34.27461963,467.9146366,14.57881308,-0.005285813
42.375,4.625,53.38506741,2.40992905,19.53363538,-6.714736538,768.7814954,17.59621228,0.011711027
42.375,4.625,75.44418904,2.049672317,-82.92575239,-8.344988102,476.8507597,14.49825252,-0.002592025
42.375,4.625,92.86144315,2.247456683,-27.36350803,42.9186334,687.0542226,17.22799897,0.014954827
42.375,4.625,85.8820308,2.047061097,251.8260494,-1.307059458,693.780516,17.16705409,0.014698908
42.375,4.625,78.55828406,1.057627769,-130.34494,27.60314629,430.1773856,8.22553595,0.005188131
42.375,4.625,64.92186299,1.509419727,124.3833128,-95.71418379,285.7916536,11.00562292,0.01264649
42.375,4.625,84.47937344,3.373417155,-185.3025446,-29.9416649,482.4042682,20.20899224,0.034810943
42.375,4.625,67.83477921,2.037972002,-94.07639258,-5.012303776,483.1293132,13.5734202,0.021949873
42.375,4.625,67.29047831,2.269338129,-19.40554126,-22.81283671,453.280447,13.83318815,0.037771403
42.375,4.625,67.0971763,1.846673264,-89.20003202,-96.03864535,434.3424137,14.49917242,0.023902684
42.375,4.625,70.60965422,1.635643757,137.6703381,-0.553543473,438.3302533,14.85565061,0.023172079
42.375,4.625,75.7519872,2.118282052,77.06585412,-21.865747,445.4136452,14.89226898,0.005262743
42.375,4.625,75.18800378,1.478251928,-137.307199,60.76577804,276.3595133,12.48930218,-0.002929948
42.375,4.625,80.57020325,0.379830184,-156.7082594,154.937734,251.5518474,12.5119737,0.057771386
42.375,4.625,91.60087722,2.264114039,38.64424686,-29.6111895,599.8308354,15.62616208,0.015361384
42.375,4.625,92.53241872,1.93019826,195.7292767,-21.29637465,600.028401,15.23406092,0.033917253
42.375,4.625,80.86152328,2.025934567,-46.65692645,5.287849722,455.4934189,14.82149211,0.011709432
36.75,2.525,-0.006074814,-0.000147446,-0.000332551,67968.06353,0.131781824,-0.014246993,0.005076057
36.75,2.525,26.15151119,2.371548071,-15.3730654,-5.121896307,614.9955505,15.19839607,0.050431993
36.75,2.525,26.64030567,2.094695971,-11.20642905,6.987652569,532.3515976,14.9301759,0.005827472
36.75,2.525,32.17695363,2.480565154,-15.99814951,-31.7678882,540.3865492,14.99500215,0.009254676
36.75,2.525,37.76659793,1.814583085,-53.20153283,4.488346728,444.1303477,12.30628954,0.034501954
36.75,2.525,40.26055129,2.096049826,30.34410337,-6.774719062,377.5439036,13.88260555,0.021842267
36.75,2.525,64.43695055,1.858540097,-66.16320509,38.17057228,671.5401886,15.47057637,0.035616006
36.75,2.525,80.04074305,2.505586171,85.18381831,-34.81294362,626.3513649,15.3116503,0.023115145
36.75,2.525,79.06173779,0.999060565,120.5519728,46.2677132,578.480798,11.50637857,0.022120339
36.75,2.525,78.01489753,1.761912985,-14.55583993,-148.2255446,484.5648124,14.5631696,0.004913732
36.75,2.525,83.86246225,1.673236458,285.3786579,-0.398056783,496.47916,15.2941303,0.056868924
36.75,2.525,70.38916026,1.618400678,76.14511631,-16.68564883,341.6944338,11.55952283,0.021809298
36.75,2.525,72.23699781,1.3548407,-91.75513419,44.4929747,316.743687,13.05283042,0.051014533
36.75,2.525,79.01009405,1.801910066,-150.284203,43.19659937,288.0413016,11.32293515,0.023273159
36.75,2.525,76.09177389,2.19364317,108.4073384,-69.64373002,477.5681354,14.31593129,-0.000973404
36.75,2.525,69.49622221,2.03739867,106.7492942,-48.74199496,347.1913468,13.89263891,0.014277732
36.75,2.525,75.78037666,1.463755982,5.138363482,21.23536792,205.6914823,11.80073968,0.032795929
36.75,2.525,80.75657901,1.888693679,-37.14645824,-10.39285262,367.7984037,13.34321331,0.022224411
36.75,2.525,83.55599884,2.161883021,-183.8166065,7.029711648,356.8210912,13.40268312,0.003435858
36.75,2.525,78.14006483,1.770555762,41.60590153,35.68359242,358.7802469,14.03504956,0.016455781
42.375,4.325,0.045380317,-0.003083791,-0.000502907,71508.86925,0.014943769,-0.014636106,0.010255368
42.375,4.325,4.828052399,2.334502898,2.252550115,-2.683344304,876.2931482,16.35199694,0.001666749
42.375,4.325,14.60642001,2.210720713,45.34725427,-2.940844514,733.7504054,14.43265661,0.023639414
42.375,4.325,18.21212698,2.163825524,-8.848622536,-1.452845131,694.575594,15.95450119,0.033943803
42.375,4.325,58.67664695,1.404196447,212.1397374,78.68098644,811.8034447,16.67445302,-0.001655222
42.375,4.325,64.96252759,2.153576516,159.3157252,-37.4816427,800.8757251,16.49432528,0.03340632
42.375,4.325,64.1932803,1.669272823,192.7611621,-23.21219774,635.4633937,12.92381846,-0.000711397
42.375,4.325,78.32296177,2.166750822,-157.8586367,44.62489917,531.753113,14.43774048,0.046806875
42.375,4.325,84.79227787,1.065249257,-116.093124,142.2063677,605.040087,15.56739257,0.02952942
42.375,4.325,82.71203124,2.172533313,32.99369139,-6.583212602,598.1239389,15.61896722,0.013731648
42.375,4.325,72.23908767,1.823244987,48.64207177,-13.07236759,393.1807638,13.20152674,0.072853151
42.375,4.325,65.41830655,2.307006118,93.64959969,-31.25702496,595.3271452,15.28617135,0.046222158
42.375,4.325,65.34845262,1.576244549,-17.10414328,24.33544202,594.7188655,15.89372651,0.016023468
42.375,4.325,78.04094763,2.224528817,-87.21423893,-2.102173875,584.3332821,15.01495067,0.059694616
42.375,4.325,75.13976619,2.239350277,-238.811614,11.71810038,437.6671563,13.53216598,0.054814635
42.375,4.325,70.71638994,2.178149343,-160.6838298,-15.10539414,432.8528566,14.66295448,0.020788392
42.375,4.325,74.34206445,2.017037427,67.39111043,-10.28452112,429.9762233,14.89101793,-0.006895329
42.375,4.325,77.56939463,1.307883171,90.83400366,-41.45314607,396.9485606,9.386370785,0.041623965
42.375,4.325,72.85711382,2.033128444,35.64859085,16.60772971,629.9236596,15.92029703,0.052718398
42.375,4.325,73.38938536,1.897778565,-27.84957016,22.42497758,466.0956056,14.98121481,0.022720521
