Date,stock_index,exchange_rate,weekly_claims,consumption,investment,exports,imports,unemployment,industrial_production,retail_sales,consumer_confidence,gdp_real,gdp_nominal,semi_annual_gdp,annual_budget
2000-01-01,1009.9342830602246,0.9926447443469395,,97.21812286066955,92.19478945640061,102.37969567242493,102.10390081165653,5.401065969183202,96.27121785817164,100.81188269691513,97.60028055564081,,,,
2000-02-01,999.8525150236968,0.9900926507596617,,96.8266761329232,98.6562215492011,103.32629100149609,98.2148643768954,5.412513999971495,97.88568343846048,96.24120404087013,,,,,
2000-03-01,1018.1893728562546,1.0229677537450712,245.31065920282975,98.24223779254861,92.82640965487188,,101.9669570489199,4.5367992898046765,98.96815918724867,,100.64128251990006,100.16198462607512,106.97802841282464,,
2000-04-01,1038.3140002695218,1.0077209320203153,263.22242058291516,97.84278833078018,94.08539379288986,100.36494426887958,101.58867154942804,4.9473856615868685,98.88193955517396,98.93799928392605,102.53893229634463,,,,
2000-05-01,1005.788136694015,0.9735071793014142,270.3517448765921,97.96787568042114,94.1914577201705,,,5.118947700859036,95.45922688862473,100.03850212338311,100.69864539609024,,,,
2000-06-01,1008.4062660966185,1.012496994160987,244.6393371498756,,,103.38720029094269,,5.193233218777596,97.95968443333608,98.43724546252166,97.68499291727966,103.18624711970135,108.19086007669694,102.46581290615595,
2000-07-01,,1.0291701532225828,245.1595614915301,100.11959292343275,95.3525090203793,,102.21250870012847,5.033604223187407,,96.71060478543417,101.7123313284916,,,,
2000-08-01,1033.673301912901,1.0244871361077066,,97.76498556850908,98.59496058513804,102.600976321426,103.38061143658598,5.02686774531278,98.18788272044891,98.61075991577793,100.66091374577044,,,,
2000-09-01,1011.5529206582644,0.9958398059600222,266.55199561842676,98.22922067049882,94.90956325413006,105.77948169686168,101.76899051920306,5.776837537511696,,,104.08113352409339,98.06919611729326,105.14698797513036,,
2000-10-01,1034.411410295803,0.9825839376885664,266.9593826552102,,96.97160088989263,99.68024918903662,99.91774046278039,5.252549014369029,99.33434190204348,99.00587675587042,,,,,
2000-11-01,,1.003951741368852,273.4063508664869,100.6562318135626,94.89998652175274,101.2210523048557,103.56724391975546,,102.81187218799637,101.93169176167078,104.60430129469167,,,,
2000-12-01,1019.4812164469195,1.076598027129082,,98.63537145904864,101.01804694664625,104.59781224887786,102.12836281641096,5.291314078392204,102.42366818156212,,100.71975606642621,98.60337666054917,105.34057664070347,105.50545175932882,1028.981919521977
2001-01-01,1036.2528579967657,0.9816654660542381,228.65809006511674,99.54248987038414,94.50961991586767,101.25164943314361,98.72440990166398,5.474216255153945,101.6255332038261,99.42376408038515,105.9901813508636,,,,
2001-02-01,995.7658087194096,0.9967578635152876,257.6176061750295,103.87162255137812,97.66152623720798,101.89713224489589,100.453694373796,5.338001002018598,98.23152584445913,100.65499213641687,,,,,
2001-03-01,1002.1508580094252,1.0225005236585263,237.78914042326278,99.17245356117722,98.46650664144535,103.3632944390474,,5.270218895526477,101.06391583660407,100.96571104203828,105.59831054955717,101.59116770982226,108.32788430765717,,
2001-04-01,1028.0212651219867,,246.23298594610938,104.33469818215318,98.18361913731137,106.13450102048085,105.60325961192852,5.146356255943367,101.64897249138586,,101.50784977757208,,,,
2001-05-01,1021.6281943472383,1.0127498287869492,256.7473947291056,,97.14251368748019,100.97246822314459,105.4247640783716,5.152146086673857,,99.76407369468271,102.08343479703206,,,,
2001-06-01,1050.7875644529527,1.058295467080439,266.98374275535326,104.29900008937794,97.41051566859596,105.2777694991939,105.59110983698247,,99.10713332757163,104.97322285793204,103.39622224461118,102.3352833943345,107.55508861085453,103.0263226028957,
2001-07-01,1028.9599373377432,1.0017829686985076,241.34939174805058,99.75756286214387,97.91484807484828,107.17587553828467,,5.471277888096624,104.42573510069678,102.44134877634646,103.3194620255106,,,,
2001-08-01,1021.4921458685822,1.0196096770040133,220.10302706774277,100.84613432517291,97.6902891904603,104.89283209623107,105.10991209664739,5.080803563902501,100.58163944886458,99.17637495497604,105.69286996023678,,,,
2001-09-01,,1.0249805572130193,,100.452457722763,100.06911949013431,104.71783692301388,101.17393856482718,5.506462442433737,104.58073897813642,99.14436954807888,,103.93756849076823,106.31038108192651,,
2001-10-01,1050.4582959797979,1.0058947950943018,,103.77183099118226,102.71947532255444,106.43181481642604,103.64187844809445,5.821804185850352,103.51251211831891,99.24527316097864,105.84755458795055,,,,
2001-11-01,1058.9421871304078,0.9942235944385233,252.71646900861262,100.55049632900138,97.34051381218329,105.41682501497597,104.70431252371803,,102.5016174390962,102.41850377486968,105.15033288861086,,,,
2001-12-01,1031.7144603595004,1.0294701227185588,256.7246739326309,,95.87295948586802,,101.82402387491057,5.305878268026429,102.75846601408023,,103.42661870414696,102.95676995641809,108.70016244347289,105.61564310996611,1080.9182080634853
2002-01-01,1051.9395706403866,1.061404221569934,283.0151767911302,103.37754123076105,98.59306941115089,103.92377083436988,104.56642103792248,5.036739944954816,99.22010328771543,102.18527649733709,105.3302956433416,,,,
2002-02-01,1067.6634779722078,1.0342696683735546,265.39862190372787,102.09242261396432,104.08612024598928,106.21608341741852,107.69265009935738,5.9090341366142916,,101.5028063751303,103.24195158172657,,,,
2002-03-01,1045.0429556766849,,260.0591982772571,104.95334041073706,97.4764204975684,106.90351934678,,5.094020882830798,105.19006176837163,100.46771022714283,109.05643254241983,,,,
2002-04-01,1078.1945886391647,1.02992686002491,263.6998128069272,102.7389199488773,102.51907130722321,105.90801336227567,106.50001187929684,5.709018872122829,103.88623921579531,,99.1948955672752,,,,
2002-05-01,1061.2856555209955,1.0241510170113999,261.0835019205419,104.35927091365639,102.75330738731517,101.09513100916361,99.932882488214,5.6554297037280845,102.9997728505686,,106.03698588542987,,,,
2002-06-01,1070.0823553706266,1.054036138549417,240.4953066142986,101.86923200561993,98.44779733857355,106.6886613880901,108.12640890249432,5.402267848430154,106.28251313508956,97.98710764903302,,107.56511081025401,111.98030528874206,,
2002-07-01,1066.4998991690247,1.0213047670896076,,101.57930438225755,100.8500080431873,,104.8110013777941,,102.6560965651496,105.29982939069609,104.57486460403506,,,,
2002-08-01,1118.1973961509118,1.0053250232959219,286.41760492793685,,103.12590319390105,,,4.941433214646333,101.95460592744354,,105.02250109854442,,,,
2002-09-01,1083.4996890130947,1.0018747748908505,261.1352136293627,104.22293703317013,,108.23835277585871,,5.600590180872058,,101.71159179716399,108.37652366232999,104.70990930881183,110.80695929040395,,
2002-10-01,1065.233215975856,1.0361351541068706,260.14017509419284,104.01541113977505,99.7760853530937,105.50584596392981,102.73152636406647,5.696972664116648,105.06173054774152,103.84151071277691,104.14449138736454,,,,
2002-11-01,1105.456133844158,1.0568159435044437,257.54710859936625,103.00895838265846,99.17695230822837,108.66496447465519,107.97022967324251,5.193694813323198,100.26074688691752,105.56526881722614,108.3123589098576,,,,
2002-12-01,1067.206163649794,1.0413989196921247,270.87840267916823,106.96229329860233,98.46786873756714,,105.37632897330059,5.483096489638442,104.43361163253057,,103.50624106510014,105.91945385980684,111.00887593726077,104.52036065920718,1151.778468314095
2003-01-01,1098.4181095964302,1.031348959373121,297.5044502956958,101.79824200405776,99.35589517164809,,104.74263366390598,,,100.64399163724379,,,,,
2003-02-01,1057.66523626586,1.047912281428622,267.54515388096246,101.8562668601192,98.36363779108282,108.6356801798715,106.05656002569134,5.724062887861311,103.65966962898743,102.59625998019806,105.25026199577421,,,,
2003-03-01,1072.9127188126074,1.0435148227941227,251.12634158433931,106.2508251569245,101.03675332395301,106.61269448361126,108.80147633533029,5.55925610608303,,102.0095213365467,106.51336118507909,107.37212452407168,109.57158721504626,,
2003-04-01,1106.0314655550787,1.0573615058081638,258.2084112153965,,99.58570798814449,106.95330821657414,,,105.81640473843471,103.45760935866993,105.86127408739176,,,,
2003-05-01,1119.4813734847248,1.0684148945026621,276.5361511965605,,101.75029433667049,109.62103967324094,104.09160722533097,5.417982019946594,108.98433691765042,,109.26629762885948,,,,
2003-06-01,1110.7572085557367,1.023844134601315,251.99097527199876,,,108.64154344293085,108.01373129299002,5.653775170171679,103.36790415248154,98.79433275550421,109.04458963411147,108.83416058724532,115.48273456303639,106.92416337222512,
2003-07-01,1107.634678331293,0.9971871263187551,,106.04149347304052,102.25861910317236,107.57598164130354,,5.8482700209365355,106.69806891565187,,107.92365265582873,,,,
2003-08-01,1106.5433711143921,1.0379954420380622,226.44548389294587,108.64584907591446,103.42098462478853,107.58365899227408,103.11711730897811,5.419944619275967,103.16954066608058,103.23608920890135,104.90045171250183,,,,
2003-09-01,1085.61280626595,1.0256864690845178,258.070131035634,110.40282016443955,97.923523479255,108.99443254486528,110.59410866627206,6.27095464822888,,101.85820505889983,105.94168401263062,107.65806641412317,113.08951357174735,,
2003-10-01,,1.0637595825796577,271.2022049142519,102.2264396047565,102.81617596692028,112.91107869938406,108.68932885960302,,101.46820533007107,105.71024850320605,105.48211396469456,,,,
2003-11-01,1111.2060727483433,1.0336808633600738,281.0937680153896,104.86896604422542,,108.89548791463368,107.79110265145076,5.464397800885772,,101.87685453897042,103.21052050913818,,,,
2003-12-01,1144.179093739038,1.011699086914585,250.02655166583008,104.91079902376855,,110.09237977165236,107.42919981877414,,106.24284137762643,,,108.84813181583918,115.63379100732514,107.34346291697052,1208.6125175748732
2004-01-01,1132.5268160531493,1.0387777511285585,240.02396976171894,109.2949237601533,105.88441178938221,,111.08735271874411,5.59213127187655,105.08378270203043,106.74402324479516,107.38623776406854,,,,
2004-02-01,1093.0114482016456,1.0214694140143834,258.9161976575128,101.24683411063923,103.53437309726613,108.20391580340355,114.64027888678424,5.292137405767592,102.66241541587041,,,,,,
2004-03-01,1137.3717317439168,1.0841591753226254,,107.40463373691644,101.44337942984444,107.11307848781199,109.5363044926304,5.805562712807214,104.996190098508,105.22476981356142,111.36916781763647,108.6758630896956,116.08678162349817,,
2004-04-01,1125.806207794815,1.0628359804502179,261.11523533937117,106.03088200096298,102.89893304887306,108.75823685513588,106.75224895995159,,106.55268863315196,103.10971037982252,107.59252541302831,,,,
2004-05-01,1122.5872144441425,,263.5127636255576,109.98826738391203,104.28419309205916,111.47844794932989,108.67536215598133,5.704440789815406,108.29838061840294,104.30093370126026,107.0311000134449,,,,
2004-06-01,1150.9769812741995,1.06621791289705,244.08716987170905,109.88165883184139,103.47661811266775,111.33173017865803,110.01821340701532,5.799029598768131,106.84650965133721,107.89558504632255,108.4300899108025,110.44478389349662,118.80943287281333,109.47105639763498,
2004-07-01,1161.9812469944216,1.0733479258033696,276.20271230611326,107.77813388850156,104.55918737756289,112.73465607023931,,5.5817676001258,107.55124110425872,106.27999690017495,106.78178231509438,,,,
2004-08-01,1162.604659973947,1.0802584635380306,262.03969735869555,104.05521354444028,101.79739626933865,,110.17161620460335,5.233115722297273,106.46239492391561,106.01258213210004,109.9033712244398,,,,
2004-09-01,1129.8125081742908,,280.8665838989546,106.23441998820931,104.13453316639676,111.45629408721867,110.54824292914323,5.512756730083803,110.88064735793388,107.00829837270587,108.63487479635124,109.7687870819686,112.88416686768578,,
2004-10-01,1143.0304121688396,1.0312866312145117,237.247887364145,106.62095606666782,101.12545058734187,,112.50085193524146,5.784289149291943,105.51323893123883,106.47441833284441,108.53519539870767,,,,
2004-11-01,1158.4577293610557,1.0437943095482403,249.9253635151176,105.06436789800406,103.88749552128165,,112.46518901312308,5.795420183092662,106.31880105234075,109.80870208222943,,,,,
2004-12-01,1173.961164322552,1.0608751122372555,273.19506580773236,110.19398531764544,,110.35535700004547,110.41606159806598,5.768434658184132,106.90010060593967,105.3865302245395,109.67237376624267,108.66210964357906,116.44721172782798,113.17044129145016,1335.0286196039758
2005-01-01,1147.4845780703192,,253.72014772034356,,102.95302388445398,110.1456931120048,113.39576595975757,,109.13776481689585,105.32443778727199,110.21931827198212,,,,
2005-02-01,1155.9726843410692,1.0867288632156147,263.50055151668914,112.15055030486553,107.0533381828816,113.67337805048301,114.61062365378432,5.6005252963126395,106.14217570838434,104.4529882518208,,,,,
2005-03-01,1140.1769654413454,1.0269865215649279,266.2408532555042,112.31307982306474,106.9208401364765,110.04572726350945,110.76794479530568,5.792297510850439,108.65887173606981,106.30745928352245,109.66990268278353,112.90307968553375,116.03170749355739,,
2005-04-01,1140.9973334869728,1.0779504529040174,268.86598631115913,,106.11356419992953,117.71439875124396,111.72119091086219,5.9653451110083875,108.88479410884266,105.37102287265722,110.39192816835083,,,,
2005-05-01,1183.7897834635908,1.063654291022172,256.59043351056505,109.37950382926486,102.86773049159726,113.21757838415493,107.52299691681549,5.777674415705839,,108.15866410631068,110.35767681792616,,,,
2005-06-01,1197.2818686342437,1.073766333718124,269.25500525836986,108.7454853998801,104.57660718438002,113.92617872479637,108.32841996726442,5.439568266504348,,107.93194708707124,110.95220428977098,111.56459608958492,118.61888714264657,111.74154371089028,
2005-07-01,1171.3346666783411,1.0596715528181762,255.53933133247756,110.86124122376002,107.79268754655521,111.78630171220978,109.72674873323751,,107.04196382556178,105.89944062290068,109.70425001654061,,,,
2005-08-01,,1.0745011976206884,277.6534740469084,111.77448556718187,105.8069940367039,112.9453865418834,110.68867962133238,6.080669309849255,106.99098260512886,,,,,,
2005-09-01,1185.243191705141,1.061766637999318,266.0783868281735,109.9086641413082,,112.89517686571173,109.5564450500003,6.258579345217851,109.59188167011095,111.42629589132781,111.58632651188711,111.0128840829755,117.25587077031771,,
2005-10-01,1167.7258771592062,1.0611276859844836,270.3883765790637,110.49844284364589,106.62433201386727,,111.84947514463191,6.202846712451927,106.24069825312765,109.27588612142581,110.55251591843401,,,,
2005-11-01,1190.4739854085976,1.0553537026921456,306.87350992519794,108.48654016322044,106.37886263088582,115.36016434071598,111.2668225023471,5.929332648796956,105.438143285999,103.64075232518853,,,,,
2005-12-01,1216.6246056748691,,251.97982061555467,110.76871589189585,105.53359953232798,113.36786363035571,,5.508170167038972,,112.8695498994554,111.74655076047775,111.25888117277309,120.52126884089452,114.05534799639814,1279.9873472093716
2006-01-01,,1.0827308584990074,289.67690157487135,110.38835138297885,106.57598233312477,116.4747930340846,111.49024328494882,5.876628564381752,112.16076711031323,110.556674163273,108.59517451616355,,,,
2006-02-01,,1.0806297278285635,229.21967728823847,108.40677751464389,106.16102891362634,,108.03912954859518,6.3566346547683725,109.29676025476154,113.1432029985235,112.91227187258986,,,,
2006-03-01,1141.322375405116,1.0599756752341252,,110.36983154047607,,114.19425783384303,113.03684265920697,6.082928713089822,109.06176445496676,111.57935293146197,110.35889335439393,115.87271864177832,116.96595604979181,,
2006-04-01,1212.773128621536,1.0738370647418263,251.0239066880896,109.79907999020587,108.69350934563106,115.26274621039931,112.92971913442338,5.844563025917352,112.57651547812713,112.14647586391914,114.43430059264062,,,,
2006-05-01,1200.6938209459151,1.0598365676790023,252.23236247899115,109.5139931295576,105.36519385385321,115.88985416668704,111.40679028954703,,108.44190785719589,110.14351808039589,112.24948501540683,,,,
2006-06-01,1195.5905336189549,1.0708050016763198,273.21259503491,108.60754114501029,104.43177493058077,118.926674546653,113.49366468846004,5.544835888277099,108.1737783107671,109.37593153582975,,113.89666939549672,122.02711882908956,113.23444849388622,
2006-07-01,1206.0236972061027,1.0574929448789372,274.7664821300663,111.19306829372408,103.57889815431696,115.31114422049953,111.32591061412325,5.726377120676953,112.4833356746421,110.81502520268945,111.80762572082992,,,,
2006-08-01,1167.0549044304953,,266.85830924666584,109.67465408159016,,113.99118082036914,114.30889456693255,5.61924520049435,111.25367846726546,,113.37546062852212,,,,
2006-09-01,1205.0306460128832,1.0686315116976215,,110.46092501665115,105.35871181383027,113.2893085175444,119.0878384026555,6.094798247075211,113.53289483983701,111.270903063057,115.8236283622703,115.2577286393077,119.76352334945423,,
2006-10-01,1219.1841362469888,1.0673151774693392,279.1206598956503,113.72092917870684,103.41673190310027,115.87879650304129,110.38355345209222,6.177581835256341,107.2901488707163,105.31710811357084,113.0326475354426,,,,
2006-11-01,,1.059351668835498,,113.00245209782472,,115.27077882890795,113.13505509299739,5.9266270609504375,108.93687191305082,,112.55658569781635,,,,
2006-12-01,1206.912082545522,1.0714868855327635,251.82966344945308,109.94822586658115,113.02264824952528,120.36033271472566,112.98730389322738,5.720320049857712,111.93442328199198,113.59511140250794,115.21584038986724,112.89018090435329,122.80795085914791,118.965933334303,1356.7564725060943
2007-01-01,,,266.56116422731645,112.77708056513225,108.18157545440712,120.05281384658953,113.64656923826051,5.985698308588827,112.90864582628696,111.26191558717731,115.34462162282131,,,,
2007-02-01,1212.4779481335447,1.0880156445464304,271.2074615568284,112.50639909286339,110.02776688921742,114.61711821849835,116.72571303353949,5.855073153216706,113.934831871714,,113.14333942950545,,,,
2007-03-01,,1.0771459118369926,279.7928289536424,,108.67151212023649,115.43711853635715,115.94429186209355,5.771619992780359,,110.88088618765357,110.43745492251527,116.29993512608166,119.45020628226172,,
2007-04-01,,1.059087256259238,261.1848619758456,115.34220623211104,108.4671421595863,117.17895382833922,116.72894661777829,6.121593393550889,,113.58121805634214,113.35587027536978,,,,
2007-05-01,1219.771288071256,1.061855099982314,271.69833158075465,109.67595804596253,110.66014249477135,119.9986413267929,,5.801921704972147,111.96465241132181,109.98691535003547,116.09817454075504,,,,
2007-06-01,1243.2496418559845,1.1067869106607553,273.7481838372791,114.63325010231512,108.39850850324574,117.49098962352744,,5.568838535608155,116.09280457420695,113.83490800350867,113.36092638555047,118.09373710437269,119.84023235369827,116.61658630227583,
2007-07-01,,,262.9931578721908,115.608928534661,109.67091028259408,116.25525694391919,,5.644933198158061,110.87248712047261,112.54372384786924,115.05665835738122,,,,
2007-08-01,1257.5927950986159,1.1082658229402542,262.89726227957755,114.36479171588599,109.93658932966952,117.60474946919979,117.21503250393842,5.576613482991864,113.96411360354121,111.80657230674386,113.93110342249663,,,,
2007-09-01,1226.7966344575316,,275.5649562980679,112.74278827805664,,116.63831823032308,116.23695175494177,6.141269281779143,,107.26584833531618,111.54927824039292,,,,
2007-10-01,1236.9022544502436,1.1004037981959343,,118.407939662695,111.59141454200498,119.2730172461041,118.58847763938282,6.1215614220287655,114.65070892407076,112.07239828084964,114.23018947838088,,,,
2007-11-01,1238.2311353666762,1.073794704021531,,115.05150966133048,109.41447839236835,,116.82736190282867,6.116019902697998,111.67465596070092,113.17559713803607,117.09495514085587,,,,
2007-12-01,1219.4208005137975,1.1032681381937877,259.0702291379691,117.8693189139486,108.4099756496007,,114.04758257878078,6.271607453859167,115.40386176349305,,111.17572540636051,119.83594895662254,123.01157207343631,121.94648466402933,1590.5195235707429
2008-01-01,1257.2313060648517,1.1285154931664787,269.8706671341742,116.78672649245487,111.15155371855442,,115.54258380618867,6.462299698719952,114.30797952715689,116.205669231706,116.588104334459,,,,
2008-02-01,1259.1478070142782,1.0926221201431094,271.95442938376414,115.17957822097016,108.43866613065876,117.22243240903678,117.88879060303078,5.936456166406916,117.74058724704092,117.32137430325538,113.87917043772472,,,,
2008-03-01,1256.6467717506503,1.1094301060728875,287.86240888363415,,110.44903247180632,116.03968110765454,118.35260216525212,6.245503452595609,113.8568088729961,115.91138285378524,117.63573230648765,117.56115115379498,121.93967567637074,,
2008-04-01,1254.4705609974185,1.1033893623606248,,114.53817767824998,110.53150022660688,119.29469954459744,118.8149293061942,5.659099640971955,115.43631966705007,112.46220678394658,118.01502530630229,,,,
2008-05-01,1233.4726898710337,1.1321595978157615,279.69779054853046,114.31010179598357,,118.55654010258557,115.18043868458439,6.556021300842356,113.19461414064926,113.1443185225352,116.41003083174813,,,,
2008-06-01,1255.9849993038551,,280.2311231889845,112.49242805728785,111.81327081130964,120.47309278196462,,5.778383089267538,114.3456799557038,115.39929691067375,116.58212965102395,117.54725688455345,123.33950183485705,120.21609902539505,
2008-07-01,1260.1614164757473,1.1298769201626706,301.39752932082786,116.3895683855215,110.97088849088668,120.25798051867683,117.2434316097198,5.948232208790487,115.3005041944908,115.12823415529769,115.47627984132949,,,,
2008-08-01,1253.5879624689705,1.100353190573965,261.8570103207464,118.39125050653662,112.81354306960476,,120.6759585513915,5.991367774152323,112.20210465767505,117.51323642140052,114.56537770240787,,,,
2008-09-01,1269.0255946672034,1.0950176044900595,267.36663111828994,114.82747678053062,114.11549363206603,119.84649953649456,116.58084974581853,5.722223413025222,112.58883590126396,119.38286260705334,,117.90975807402961,125.15602364597656,,
2008-10-01,1282.9501270839346,1.1121448454399225,263.4265757614146,119.9189360350987,,118.66964435789883,,,116.79134163632051,119.12598342684566,115.86148018230696,,,,
2008-11-01,1315.2106290189752,1.117843902758056,252.70200351845045,,111.66991989937263,120.48083026764093,119.22425840353237,6.263124040041597,,117.74703870326161,120.89475456605787,,,,
2008-12-01,1283.5962682985216,1.1502724769469426,304.4807752181293,,109.18261025781277,122.24948055762994,120.00845649410563,6.15155286205632,114.74084850458458,115.98250686856642,,115.95606526416805,123.46240332297413,118.47395895925709,1523.9545880350606
2009-01-01,1287.8735209034605,1.1194797568129764,259.6497328446637,119.43728130850715,,,121.98856637177076,,114.62026847686282,117.79289096358802,119.14462161837179,,,,
2009-02-01,1283.8513958208023,1.118001686891438,266.2894502777899,115.85371894274992,,120.82166598026122,121.9562735825165,6.822241001345565,114.86480251326466,118.58466213216883,115.98616578540478,,,,
2009-03-01,1249.5826908772651,1.1471061049513311,,116.057206361442,111.05846250667621,,,,116.65442080174421,115.13471857721773,119.47610940553179,119.9905397524165,126.4907825482161,,
2009-04-01,1290.0456387213824,1.1282514453763772,252.76098591896346,118.68238899043226,112.06061236785109,122.18885865763758,114.98221958858684,7.036339911524307,117.48693036697584,114.53153669372594,117.9456839244372,,,,
2009-05-01,1294.3983214763075,1.1043919833076357,290.6646452670594,117.77638012567823,112.70492288644343,123.96973113301556,117.99372666958465,6.0139646102330655,112.58018344650873,114.22955590561583,,,,,
2009-06-01,1345.076360574313,,258.38578665233405,112.93711448585586,113.80807660818991,120.38727554975542,119.67490479751856,6.55228613442168,119.75760528631466,,120.15198351234376,120.35665708475666,126.82886062134351,122.13962189957891,
2009-07-01,1294.5821000761052,1.104579352360104,298.54335298511654,,,118.0347981817443,118.97304452316271,6.508127715956468,119.78287796567456,,118.16119370963239,,,,
2009-08-01,1307.0780672655205,1.107433902600865,247.5565467362719,,114.03583051278329,122.27041355555535,123.80490783350025,6.196597102578645,112.60570617971248,116.76681912504175,116.41071871591609,,,,
2009-09-01,1302.9706860718636,1.1044955545986292,254.0644509028369,114.69515861445186,,122.7670264468069,,,119.60640836646758,,120.95716610064089,120.64286958213492,127.44344728363718,,
2009-10-01,1282.9091617606985,1.1037881884396763,272.4544387269253,,109.42603021807759,124.95150359480921,121.52208344637626,6.180994798762987,119.71253194349978,115.03504987256693,117.31029306087305,,,,
2009-11-01,1331.7569798505099,1.1302236753208803,295.46739270861195,115.08026265736554,111.65536062597506,124.7637260243878,120.82186317426851,6.203774458989372,117.77052449622849,118.17214462620686,120.80266807664921,,,,
2009-12-01,1326.5569852610652,1.119449286552061,280.68745870118437,117.19683151376233,113.40292436499655,123.63369667010869,119.86694305710212,5.280037001004873,115.34283553109935,117.30039090737613,121.88316586553512,122.45749605290641,128.69305661397388,121.54983901522473,1633.037391773247
2010-01-01,1329.9567645953114,1.0560910659890488,276.3778864721465,117.4314665872425,111.42877805358481,124.26376472153457,116.88336093726838,6.453598468478813,120.13516822521497,117.96396192315217,,,,,
2010-02-01,1298.5661776056759,1.121336309441638,301.86605578212783,118.97576066208795,115.20509306208666,122.52211624589039,,5.942661162620932,117.78978917630582,120.00254883268468,122.63695699708408,,,,
2010-03-01,1347.427613967413,1.1173904459833637,314.2657658513652,,,,127.58782861772187,6.184521861186635,119.53754826355414,,121.4033579916388,121.32258332522063,130.00614996277756,,
2010-04-01,1293.952507539966,1.1466523188043016,292.2828121457877,119.61290928501344,116.75689543114332,123.48675133528538,118.76239210084789,6.051296412041414,,120.64510300583726,,,,,
2010-05-01,1336.3444717189373,1.1185777597079656,273.11791543777395,119.54195712489549,114.04955404871549,125.38923069688907,117.79433768088506,6.258716925639077,119.27854261119488,117.93482209950379,123.5777271144798,,,,
2010-06-01,1371.0342434062518,1.1816752081802386,276.4503675788662,121.00508836549197,117.61496012710305,124.90958037840055,125.46963724388128,6.511174540269419,117.10863899352623,,118.65906473348457,123.14142220405864,131.0629806203735,126.04780870240029,
2010-07-01,1310.032205434559,1.1598730443502738,263.6575824973574,120.85751372589928,,125.43724818617213,123.25379944759207,6.390777023888449,118.43848565413961,118.82942117269397,120.35654678417193,,,,
2010-08-01,1321.1347783922376,1.1251860853735218,284.7583346322401,120.8137345812642,114.27347203682152,123.08689700286985,122.31724813801023,6.609751025895197,117.69859619051279,118.61489943318517,120.86485730375611,,,,
2010-09-01,,,259.0639586134965,125.6547610349439,113.87790671480295,123.58408957003645,124.84053097080742,6.785971583188779,120.31200561290751,121.36807859056347,122.65547358004697,125.60480602909958,127.63172143626473,,
2010-10-01,1327.62682199621,1.1455827682852324,292.04758833749594,120.30737071831084,114.65684073173578,,,6.305068025279372,118.00043032752657,116.86825808663959,123.84343203978845,,,,
2010-11-01,1309.3008675043318,1.1407949703798668,314.1150242971647,124.96724771975961,114.64249453045682,123.36771819527569,122.24754346246388,,118.8344018673426,122.82730584712684,123.88568782584731,,,,
2010-12-01,1344.3031966688952,1.1532258199812584,295.0570674141733,120.77208078354545,115.91674867511746,123.60207371353712,124.54381608720477,6.721873269920592,117.37878323024239,118.38344393898302,122.3951406182062,122.71669429379118,131.59728541074116,125.54010166047716,1611.4065534505933
2011-01-01,1324.3036639453733,1.1393013127731677,277.51775801906547,119.94948141646152,116.05413225529344,125.40224719526799,127.02699145815387,6.755093244213602,119.85100923503501,116.67896730297466,121.55464503714617,,,,
2011-02-01,,1.144074038828356,292.7208151161784,,115.89614439632777,126.50086707793685,120.64196896230982,6.675580401792171,,120.58972641720072,118.63075402983374,,,,
2011-03-01,1332.39685562946,1.1567811864512336,309.38653570890176,123.46971337700157,116.92099675834086,124.75277511407415,,6.177173583109086,115.08068568586972,118.6956187598682,119.82197007119427,122.05763519179611,133.0883806272861,,
2011-04-01,1384.4018294616073,1.1824103113794124,308.8977336650427,123.8988078328963,118.58548103124807,122.99822840773565,124.0882854515249,6.599047828551005,,123.66941523094292,126.1511120257033,,,,
2011-05-01,1340.3558765616522,1.1474322764077443,270.54572586738715,121.9849080260656,,124.02577436886722,123.82350433381171,,120.69393985194257,118.91953867656584,119.11319633913105,,,,
2011-06-01,1352.1975131313839,1.1343795640827556,293.51832018928457,123.21997313015724,113.54852867043004,126.07750123784902,123.65469862355334,6.8068581588446895,119.42289568363958,120.58177741585575,121.38389829466762,124.58888874966583,132.40181656837032,127.5829650126725,
2011-07-01,,1.1039180006991673,283.7541320992088,118.56597791632137,111.56755040035316,126.2259738649047,121.07363869578357,,125.1776766967073,117.26923221721134,125.40963141226773,,,,
2011-08-01,1339.2570592210593,1.1847758076591681,298.4863332736791,118.19039847015883,118.70110055546283,126.49818308159342,125.94188480270878,6.009964556634083,123.20491117039275,121.91378660497818,123.70738471357798,,,,
2011-09-01,1371.0413452889413,,292.40342396693745,,114.25577139898068,127.23107225658418,122.62394363474002,,119.26269240989615,118.90071723048115,125.31158752421034,125.47986426748895,130.03183455649202,,
2011-10-01,1395.2528027296275,,251.3651736221312,121.36941365340863,116.69706605485338,126.37287766158752,,5.761285296541194,,122.00968602987987,124.70869335175603,,,,
2011-11-01,1339.5780839998747,,281.95257857465737,123.28918075102537,114.96343886934724,127.0641435032932,126.30494933141324,6.318765874119059,124.27957206827249,119.93388543681864,126.72974099095214,,,,
2011-12-01,1378.038226908866,1.1542902663138976,,120.52353928333392,113.85677210913316,126.61675263706478,126.28507433301587,6.240685325662103,122.22215702848119,116.86424580980048,124.54896975637585,127.78750538487336,136.82765522643427,127.71155556001159,1753.3973128659036
2012-01-01,1382.1610066703088,1.1468919350765865,266.18086057115136,125.43963138967133,118.70072650352999,129.17704811769133,,6.248087661555501,122.84853852415642,121.38803463094955,125.4525499085648,,,,
2012-02-01,1395.217609268007,1.180225920283859,296.6734453312359,119.21235637349942,119.29317943055294,129.9170400833774,127.2114432625657,6.34178270531033,122.96988705112066,121.46605075143437,122.84470065316081,,,,
2012-03-01,1357.4599386620196,1.1620943225031108,265.3596666620527,119.68956281132782,116.77891637132143,124.84710832529228,128.0770040530106,6.9411283012919816,118.28910126644662,,125.63339893544948,125.98141428703714,132.79918468682112,,
2012-04-01,1358.407621665016,1.1656488136651486,276.50508968141435,125.51689541873358,,126.88740187495779,128.01435391481337,6.831506939838038,122.2545330576081,124.74027339498731,123.83602005533044,,,,
2012-05-01,1397.8733862861598,1.1245106045800934,308.86313429288424,117.57612793235882,117.15358440192436,127.63612961135365,124.51412268146828,6.519245193308008,122.31798583435655,125.62063033815821,123.88959978236319,,,,
2012-06-01,1395.9920494856062,1.1801392465532285,275.7485687691302,123.72048852153014,,127.20962607335356,127.77166535994162,6.944275523233108,,123.69165921228208,126.75279781463459,123.33001560656538,135.8911287007339,128.53329444986497,
2012-07-01,1397.6800140749804,1.164579824187058,297.8765200948314,122.91623806116287,115.6023862865355,131.5020755491539,126.33951232150945,6.294923418895115,123.79834577947977,122.68812843648786,126.93413680447475,,,,
2012-08-01,1402.2169223051228,1.1306833956516107,263.225190042888,,,128.53691579178155,129.54082077630684,6.263551633490512,122.70320739513835,119.44376214034081,128.675313630864,,,,
2012-09-01,1384.3052647307338,1.1688641858971869,321.0102957677075,123.0660888892067,118.84372585139224,126.65103645061136,126.0143234321777,6.891539730758271,123.28571910440542,122.87001046036745,128.71249495735984,129.22105112562426,131.8449503849281,,
2012-10-01,1405.168634152644,1.1189589106055344,285.4840514436335,121.93846086722353,120.18999661176763,129.62743965294334,125.72161169908533,6.815777785550721,125.68027901665795,,127.46813817612069,,,,
2012-11-01,1409.0028107225182,1.2080960485528776,291.7439482298702,126.88555901251584,119.42764241222098,,125.37973608924618,6.513229880048563,123.43187779392821,122.40376660110678,122.36015589994543,,,,
2012-12-01,1391.4721339431376,1.1402665689218308,,,117.39941185645678,129.38849055114872,127.158680500513,6.320094716183755,122.57219532125134,124.23452168863618,129.62394835333396,125.3058131681862,132.1023310857233,128.89045231584728,1775.5679912232595
2013-01-01,1445.6924535736805,1.1955866406546827,299.9511993000489,122.76465048087358,121.89576080437611,132.5686318987502,127.88633051633605,7.10807663057421,123.58472126860853,125.37993707641454,,,,,
2013-02-01,1420.4714228161415,1.1481387947967892,268.31177669499795,124.85471467640303,119.34262671782041,129.8272248017714,128.09757901611633,6.163550386548115,126.18505720911133,121.6668570604086,124.77194474129337,,,,
2013-03-01,1389.7864955009732,1.1766495403974249,291.28120948195266,121.82105124660958,119.7621448476817,128.69110627162374,127.99677439999543,,125.46353399967755,121.80323548008275,,129.92063326921104,136.72481697235307,,
2013-04-01,1429.361438664823,1.1482495814646685,,126.78484777350363,118.1072860713824,125.56065133586146,128.8132782138413,6.767002277627097,124.7272794021956,123.36015943194411,124.56421197357191,,,,
2013-05-01,1399.3545341347206,1.187481571453663,266.5414583627527,,,129.3131810213046,127.19889538576282,,125.18936132140274,122.57582434109725,128.04354296273257,,,,
2013-06-01,,,,124.38329752411342,118.51835268712944,132.42869376135596,126.07172329551783,6.832207550532961,,120.69131558480908,124.3412819073806,128.1176168844939,136.93737172246685,133.7038594862085,
2013-07-01,1447.255681213656,1.1789890987775573,287.12578220935694,125.17513137338429,120.09913405816361,129.80719055669914,126.06987280198422,6.870792966584618,124.75346245565919,122.1481757838986,,,,,
2013-08-01,1410.287924313594,1.1709819159038313,296.30796345225065,125.12136962451487,124.02551120112238,125.68220386788246,130.1124058555284,6.565310544405824,123.98229188001118,121.84425822948533,128.72875878196126,,,,
2013-09-01,1448.586894312635,1.1444144529614264,295.62961845369574,122.23952412321536,118.01536001780221,,129.275723155088,6.916093805802275,,126.89334080661222,129.6222132765617,130.29067170242914,136.21872894757206,,
2013-10-01,1440.1927913135992,1.1828570063037582,288.1709331918452,128.73598735279188,117.68910757073866,132.49323048096693,124.79617786124071,6.7865666182532545,128.33633558484487,128.04963306961017,128.29485277645924,,,,
2013-11-01,,1.1637572398154807,323.0809076866606,124.27761184684248,124.0156390843066,131.77226262137535,130.87413512585118,6.287858543633895,,122.62065141001816,,,,,
2013-12-01,1475.1086345221888,1.1957753658077963,293.00830769747586,124.45875904710721,120.81171913784287,,132.61427343416656,7.011702445576728,124.60162225877721,126.07120461789727,123.74932500158907,132.05738948086562,135.54338193847207,132.87882468645296,1796.1910748301989
2014-01-01,1434.882813596173,1.1711990342034786,270.609772826473,125.84575714971508,120.049289077654,129.89560845767303,127.59434430895413,7.074364090252485,123.63799913276723,126.89362970757824,127.72855465933604,,,,
2014-02-01,1427.333653676201,1.1754280726047737,288.2351172935853,128.30523329637901,123.62431199259319,130.37753556137633,129.87127297213323,7.033679671714411,123.37231861127925,122.32959855233473,,,,,
2014-03-01,1427.2358894179606,1.211669000491647,301.99868210272876,125.29906896248609,120.49033960115453,,128.42481156142637,6.812092618537437,,125.80363328702815,127.84814518079887,132.87314128112382,136.83915484175333,,
2014-04-01,1431.327773358283,1.2266903275131955,,122.74484421687897,125.51065817054938,127.48515488232188,130.80111646874337,6.524665259662436,125.41399629608429,,128.60405877749704,,,,
2014-05-01,1448.71974591643,1.1958253911561265,278.7094639815448,,123.37155854896126,133.24445968815073,127.38525970876056,6.128187288991503,130.34013178828596,127.17104765941684,128.44551899086574,,,,
2014-06-01,1459.7026206481655,1.175409030512265,309.2301957253548,,121.19695205281853,134.4041722693991,129.74716104182338,6.877482573767032,126.41860010136169,125.49369211105221,128.34088075807443,,,133.7894663801425,
2014-07-01,1461.0311981855532,1.1747057263124583,269.1067342868297,131.53133303635136,126.64445935846818,129.0259293372014,,7.164373193838486,129.73062618759303,125.03145941029658,129.3035872406526,,,,
2014-08-01,,1.1668725335920578,312.9735463638536,124.79953179500238,121.27548114875772,134.7233079594135,,7.147874400410788,129.25538467762996,122.2744485583069,128.77398256344378,,,,
2014-09-01,1460.9930221307518,1.1717884300462063,276.2830800922583,124.89390745980275,124.12816980161024,132.20233056055633,,7.103460596473652,127.06900268431637,127.42785830699786,,131.72395078262338,139.18212154400987,,
2014-10-01,1492.4214668834604,1.1798681192660463,,124.62925926010249,,,129.90306122604125,6.845799533660314,131.87472142595135,130.55008383628874,125.24161256501264,,,,
2014-11-01,1460.6754497226752,1.2256724938948715,312.565388809144,124.54853954619713,125.56159776204366,132.82982757415155,127.56872453288345,7.203726163204213,128.35905750172543,125.19490201999997,,,,,
2014-12-01,1522.9897707663474,1.1834901215567515,298.65272377676155,130.4009117159744,126.23820563952701,,129.41160214820206,7.164159541921169,,123.1183594367774,128.24901634877705,132.87952494215256,140.4116354210842,135.21613764814185,2004.0187967473457
2015-01-01,1483.7175354369756,1.163960615308708,309.3708966138711,131.14644521355598,123.33625960703206,133.844345733755,130.160929630281,6.769545010317564,,,130.59528926289605,,,,
2015-02-01,1456.67883840047,1.1903621011540257,306.6621283485286,128.68011911700373,,131.69211865862997,129.8767837422973,7.10873856728842,129.1539033000525,129.08780682179935,130.47889690160918,,,,
2015-03-01,1455.0219406146941,1.1941384847455876,316.93800825866066,127.55672105257693,124.50633172043321,135.8343744666665,131.5641321146377,6.754395502450511,129.99440829247035,126.63514658721448,,131.4222617129441,140.20057589024785,,
2015-04-01,1488.7070399279003,1.1923357458462238,313.8389069260093,,122.38802475787799,131.37503977097086,130.93402557477785,7.0866145993280085,129.9078286941133,126.01874967804817,134.56196996046995,,,,
2015-05-01,1477.2061369636401,,291.36137463896904,129.17504121420305,,132.986442427197,132.13481866090123,6.544296420322246,126.53870226810663,127.86553496100578,129.28105821974907,,,,
2015-06-01,1498.5732035991193,1.1950973877140916,307.9234438786297,131.1736378166266,124.33066228520212,135.01188014062666,,6.576791954780323,129.1093451068118,128.45416589224146,,134.1077211198135,140.04608899903636,135.44855913554153,
2015-07-01,1496.3757472558686,1.2101389477487057,275.7928215509736,,123.48401658323967,133.11773517347933,131.32320121199155,7.270341695235005,131.3107981328108,125.38552338337807,131.55491249877016,,,,
2015-08-01,1488.0722175583808,1.180204651243453,,129.41833064038474,124.74108836042092,135.86396300519007,129.54316656905175,,,127.89527553806353,129.7342154352625,,,,
2015-09-01,1475.2107224972706,1.23247322750636,311.491930705442,127.0226989080588,121.83454323245893,137.23340773903806,,7.161811210863849,128.056102855289,127.50284697110821,132.75414627102813,135.05634970629384,139.3992932973076,,
2015-10-01,,1.2029553549291754,301.4841546042659,130.92341940975575,,136.67954226388778,133.82162720172667,7.007542478776582,130.7225840695946,127.38311276747241,131.18590672843868,,,,
2015-11-01,1488.4518999115392,1.2069572589892925,306.43781586804425,,127.24375975306162,130.9549945035328,134.1831127007954,6.273193586923123,130.13420115953934,126.7983873942014,129.69719103178232,,,,
2015-12-01,1517.1279758864694,,296.8009143605131,128.21087353517242,123.68621144205721,135.25169393923872,133.81217039403248,6.977537218538053,129.7642518708368,,,134.51031916642398,140.8702238133945,137.37729714644794,2059.1282863530437
