age;FEV1_males_Mspline;FEV1_males_Sspline;FEV1_males_Lspline;FVC_males_MSpline;FVC_males_Sspline;FVC_males_Lspline;FEV1FVC_males_MSpline;FEV1FVC_males_Sspline;FEV1FVC_males_Lspline;FEV1_females_Mspline;FEV1_females_Sspline;FEV1_females_Lspline;FVC_females_Mspline;FVC_females_Sspline;FVC_females_Lspline;FEV1FVC_females_Mspline;FEV1FVC_females_Sspline;FEV1FVC_females_Lspline
3.0;-0.119775593865382;0.1843073616847;0;-0.0569425651152553;0.14945589347473;0;-0.0349395382224532;0.0175512398712501;0;-0.209550778338871;0.313300389258798;0;-0.136355500456585;0.268665389517933;0;-0.061331402099551;0.0805262365196371;0
3.25;-0.1139554544184;0.17116098058633;0;-0.0542627734181131;0.13859377775371;0;-0.0339256173166178;0.0221529002850649;0;-0.20066643442587;0.288280447600258;0;-0.130340375217026;0.247291282377743;0;-0.0586948002975073;0.077631526757501;0
3.5;-0.108403307519874;0.158994969122666;0;-0.05174670348174;0.128543839931395;0;-0.0330647067082194;0.0263779442646044;0;-0.192467480076727;0.265145552138196;0;-0.124785630841989;0.227528530815474;0;-0.056294710465958;0.0749307349213741;0
3.75;-0.103089676234827;0.147679297290021;0;-0.0493937719666455;0.119199603833592;0;-0.0323747789489248;0.0302250157363901;0;-0.184888211855235;0.243660410634888;0;-0.119643488689531;0.209176949961652;0;-0.0541363530130685;0.0723813027001379;0
4.0;-0.0980349021975346;0.137110565700925;0;-0.0472176130536237;0.11047653809301;0;-0.0318653470914073;0.0336651181699734;0;-0.177913212908575;0.223661207790271;0;-0.114895726881821;0.1920976463246;0;-0.0522382312422066;0.0699457042251721;0
4.25;-0.0934008373111599;0.127211229311861;0;-0.0452841068409668;0.102312293485199;0;-0.031538989915971;0.0366507897341402;0;-0.171527454171208;0.205011665722816;0;-0.11052612629811;0.176174950364565;0;-0.050617498604458;0.0675897263245546;0
4.5;-0.0893237419790456;0.117916644462418;0;-0.0436467061205725;0.0946547758175889;0;-0.0313799075681958;0.0391356858767455;0;-0.165697532668247;0.187599579045413;0;-0.106513198561553;0.161313729071226;0;-0.0492826721218546;0.0652832879870546;0
4.75;-0.0858706329859622;0.109172031397782;0;-0.0423340310430618;0.0874593848697671;0;-0.0313720239589279;0.0411080463365008;0;-0.160365599286685;0.171342117402967;0;-0.102829501905452;0.147444278135016;0;-0.0482192052912827;0.0630054181611461;0
5.0;-0.0830177796470544;0.100933824779796;0;-0.041350200039151;0.0806900616364632;0;-0.0314923210979947;0.0425963218510028;0;-0.155478633948665;0.156163622026543;0;-0.0994491080799076;0.134502704160393;0;-0.0473774806341608;0.0607456874160568;0
5.25;-0.0807253623406794;0.0931638531266676;0;-0.040690619607334;0.0743150060469682;0;-0.031687495587411;0.0436620552867879;0;-0.150984712910118;0.141994265504649;0;-0.0963456933211493;0.122430067392328;0;-0.0466881891206206;0.0584969744084018;0
5.5;-0.0789541474518316;0.0858276468014809;0;-0.0403463543131668;0.0683054171464224;0;-0.0318923786708425;0.0443815053841878;0;-0.146786642641022;0.128779428989025;0;-0.0934728676851027;0.111182404281779;0;-0.0460766100179499;0.0562597900870454;0
5.75;-0.077625596286536;0.0788945262031109;0;-0.0402870427096236;0.0626353078244173;0;-0.032050965200906;0.0448144463615106;0;-0.142781891216723;0.116471401424388;0;-0.0907816999023012;0.100721949319906;0;-0.0454655077592977;0.0540394376888536;0
6.0;-0.0766296825980533;0.0723371534871253;0;-0.04046539698545;0.0572812043527522;0;-0.0321173656266859;0.0450127295446885;0;-0.138890127290006;0.105023469004293;0;-0.0882327962083558;0.0910109188241641;0;-0.0447843544751493;0.051845822960213;0
6.25;-0.0758756117124548;0.0661306092028831;0;-0.0408411803957875;0.052221749816753;0;-0.0320665477206402;0.0450229597922784;0;-0.135048489705756;0.0943904619200011;0;-0.0857939911784715;0.0820122152538172;0;-0.0439712705287318;0.0496920783831487;0
6.5;-0.0752902081058124;0.0602521240851153;0;-0.0413809213601191;0.0474374782081712;0;-0.03189394418613;0.0448829859140063;0;-0.131208076166176;0.0845288513234088;0;-0.0834344781877228;0.0736900405540966;0;-0.0429858841512765;0.0475896777730163;0
6.75;-0.0748328883454157;0.054680771283806;0;-0.0420550958571493;0.0429105630333928;0;-0.031598629148309;0.0446265108275852;0;-0.127330865000619;0.0753970952074869;0;-0.0811261008507529;0.0660100983791136;0;-0.0418147837788192;0.045544128132704;0
7.0;-0.0745142022804508;0.0493971646388798;0;-0.0428353525440102;0.0386245783267811;0;-0.0311757463718638;0.0442718690161663;0;-0.123387223173243;0.0669559424278985;0;-0.0788460873561121;0.0589396302706371;0;-0.0404638343317213;0.0435555177638864;0
7.25;-0.074347805997748;0.0443835194517774;0;-0.0436975185469741;0.0345644796343518;0;-0.0306289900630562;0.0438195949602918;0;-0.119354181590925;0.0591684182836527;0;-0.0765760694900468;0.0524474940525641;0;-0.0389494620777112;0.0416186839777399;0
7.5;-0.0743435024959069;0.0396235240846257;0;-0.0446213960768347;0.030716481067115;0;-0.0299746710466863;0.0432573011212365;0;-0.115213076052408;0.0519993367594651;0;-0.0743006588294968;0.0465036800087599;0;-0.0372950779363909;0.0397266911888003;0
7.75;-0.0745080434017193;0.0351021908713691;0;-0.0455900687926238;0.027067926268562;0;-0.0292351736627323;0.0425698234821943;0;-0.110937745924607;0.0454107212174062;0;-0.0720006306577989;0.0410739437063636;0;-0.0355244810998145;0.0378723119812494;0
8.0;-0.0748233239884701;0.0308055173429271;0;-0.0465805450296717;0.023607020958988;0;-0.0284357286130427;0.0417411047756002;0;-0.106500167806546;0.0393644031402225;0;-0.0696560939005479;0.0361229839103046;0;-0.0336617095088293;0.0360470203899927;0
8.25;-0.0751915995616947;0.0267198717156387;0;-0.0475416281200047;0.0203223636725078;0;-0.027599974112646;0.0407521184189821;0;-0.101878325348938;0.0338254765789436;0;-0.0672509482518358;0.0316186325833123;0;-0.0317247109325899;0.0342434414851027;0
8.5;-0.0755128299969154;0.0228325833044933;0;-0.04842371400491;0.017203370847175;0;-0.026746036229839;0.0395829857801688;0;-0.0970552461479368;0.0287620039736893;0;-0.064772293133565;0.027531571189356;0;-0.0297290108397815;0.0324566882514059;0
8.75;-0.0757038895672366;0.0191320246061752;0;-0.0491858939262908;0.0142403271111644;0;-0.0258822229929456;0.0382334671773736;0;-0.0920180863837512;0.0241446994357783;0;-0.0622098693286013;0.0238350136952916;0;-0.0276871477513757;0.0306827778021677;0
9.0;-0.0756958289885663;0.0156075016851434;0;-0.0497945298743119;0.0114242945288434;0;-0.0249789453512794;0.0367516845832716;0;-0.0867585002785596;0.019945763158383;0;-0.0595559912799768;0.0205035605642241;0;-0.0255863435675605;0.0289268813034149;0
9.25;-0.0754316145655345;0.0122491588333129;0;-0.0502220797737696;0.00874703358794893;0;-0.0239897889305895;0.0352075797845646;0;-0.0812831616099103;0.0161297524924926;0;-0.0568090524964475;0.0175042525289473;0;-0.0234065576599949;0.0271991701591476;0
9.5;-0.0748604138626678;0.00904774860461988;0;-0.0504446750705636;0.00620083730633825;0;-0.0228753575264423;0.0336680128024289;0;-0.0756066014213932;0.0126586917271077;0;-0.0539708947988888;0.0148015764173417;0;-0.0211361404087976;0.0255081157664008;0
9.75;-0.0739168447267158;0.00599382669343917;0;-0.0504340672469894;0.00377798758210135;0;-0.0216090778382311;0.0321856166224816;0;-0.0697423498933301;0.00949863217695457;0;-0.0510436090734192;0.0123638929987262;0;-0.0187676292806646;0.0238608169886056;0
10.0;-0.0725378052097039;0.00307837840605663;0;-0.0501637988688035;0.00147115737293824;0;-0.020173925379055;0.0307982718750051;0;-0.063702899454892;0.00661924718171569;0;-0.048029429291951;0.0101630414351455;0;-0.0162957401492666;0.0222628358650012;0
10.25;-0.0706710536665049;0.000293130053671486;0;-0.0496122905270049;-0.000726393729659769;0;-0.0185599999092522;0.02953143861532;0;-0.0574998010983983;0.00399338629473212;0;-0.0449306881130536;0.00817390428346032;0;-0.0137227356907568;0.0207167712762022;0
10.5;-0.0682736363186631;-0.00236952686409531;0;-0.0487621199570061;-0.00282087827709221;0;-0.0167647094716288;0.0283989483187455;0;-0.0511437501668723;0.00159669240521021;0;-0.0417497812935856;0.0063740345233092;0;-0.0110597547738274;0.0192230170724321;0
10.75;-0.0653105364859261;-0.0049166028918215;0;-0.0475994054102138;-0.00481803313278961;0;-0.0147906506462385;0.0274076630778768;0;-0.0446452931543195;-0.000592797296343317;0;-0.0384893470279177;0.00474326268783587;0;-0.00832224491721989;0.0177802849714532;0
11.0;-0.0617535286375279;-0.00735456970577353;0;-0.0461132833779629;-0.00672316544169149;0;-0.0126454587560348;0.0265623176411656;0;-0.0380308440955233;-0.00259668410429237;0;-0.0351575020546626;0.00326159879483612;0;-0.0055274628151688;0.0163863208597581;0
11.25;-0.0575814152781806;-0.0096894094516129;0;-0.0442958475537996;-0.00854119421987498;0;-0.0103421142457256;0.0258630048886204;0;-0.0313415489239581;-0.00443632414486306;0;-0.0317674288711149;0.00190912914171992;0;-0.00269511709547909;0.0150390254874919;0
11.5;-0.0528128652095585;-0.0119265844055301;0;-0.0421523993739328;-0.0102767131280022;0;-0.00789956202166398;0.0253033623405594;0;-0.0246145072023261;-0.0061309800961693;0;-0.0283311511259825;0.000667958481374686;0;0.000152507123005075;0.0137355439317708;0
11.75;-0.0475051350959355;-0.0140710790845948;0;-0.0397009466493046;-0.0119340220157262;0;-0.00534125602729496;0.0248741782955406;0;-0.0178823764346578;-0.00769796029601988;0;-0.0248593755857218;-0.000477920622488526;0;0.00299342523334634;0.0124733566302275;0
12.0;-0.0417122759191546;-0.0161275299676542;0;-0.0369589278145632;-0.0135171226841551;0;-0.00269176984175212;0.0245638150329159;0;-0.0111738993622357;-0.00915283602011829;0;-0.0213616425738152;-0.00154284141735905;0;0.00580654982057749;0.011249675664053;0
12.25;-0.0354833521955484;-0.018100260682723;0;-0.0339425788365251;-0.015029743344614;0;2.39391845897607e-05;0.0243592567973479;0;-0.00451436285833928;-0.0105096315583069;0;-0.0178464573244561;-0.00253964956411146;0;0.00857182583263139;0.0100616731683489;0
12.5;-0.028862957943975;-0.0199933086976878;0;-0.0306670354937086;-0.0164753621774572;0;0.00277997166915456;0.0242437162393232;0;0.00207400176027939;-0.011780990904958;0;-0.0143214049499214;-0.00347986653589638;0;0.0112699196143689;0.00890617269339034;0
12.75;-0.0218916718588886;-0.0218104492668982;0;-0.027146425262961;-0.0178572284512457;0;0.00555085077784312;0.0241983903242513;0;0.00857166874128445;-0.0129783242878587;0;-0.0107932512976809;-0.0043738330351859;0;0.0138831329423642;0.00778063018916209;0
13.0;-0.0146064597699738;-0.0235552169619475;0;-0.0233939500395941;-0.0191783814959234;0;0.00831192160316374;0.0242046435467405;0;0.0149611149206557;-0.0141118286080553;0;-0.00726850497821907;-0.00523079023714024;0;0.0163968415648733;0.00668323959043926;0
13.25;-0.00704103127269384;-0.025230925071051;0;-0.0194219607526875;-0.0204416677841133;0;0.0110408785239026;0.0242452364640005;0;0.0212240877574832;-0.0151899262313258;0;-0.00375643689909921;-0.00605871189387441;0;0.0187990621090869;0.00561229125826213;0
13.5;0.000772006385695079;-0.0268406574207978;0;-0.0152430343799494;-0.0216497535042679;0;0.0137177825782422;0.0243048841416185;0;0.0273433034480082;-0.0162198963353219;0;-0.000266838200349895;-0.00686462187825398;0;0.0210799551608548;0.00456615127034121;0
13.75;0.00877340192535314;-0.0283869001392523;0;-0.010885127393939;-0.0228050960919131;0;0.0163251511999666;0.0243709199867803;0;0.0333036219405294;-0.0172083436914328;0;0.00319157142637394;-0.00765483796773658;0;0.0232326149629484;0.0035435931920782;0
14.0;0.0168860950257042;-0.0298716830785164;0;-0.00638663807229811;-0.0239099708673867;0;0.0188472921285038;0.0244321784728934;0;0.0390918207139546;-0.0181612665825304;0;0.00661103957092557;-0.00843504420309715;0;0.0252527607866196;0.00254365010509039;0
14.25;0.0250400235399351;-0.0312969429035648;0;-0.00178270140796677;-0.0249665211178294;0;0.0212696002702463;0.0244768933527668;0;0.0446963882889229;-0.0190841155400681;0;0.00998468112139328;-0.00921035445905316;0;0.0271385646626189;0.00156544803076564;0
14.5;0.0331721148295703;-0.0326645376293468;0;0.00289487066941341;-0.0259767687888393;0;0.0235791356516499;0.0244932439086747;0;0.0501073412348934;-0.0199818457468814;0;0.0133063894252796;-0.00998536902638314;0;0.0288894519604728;0.000607958271805931;0
14.75;0.0412256028520375;-0.0339762503863383;0;0.0076172711733804;-0.0269426231737837;0;0.0257657069721992;0.0244711533373754;0;0.0553160617494797;-0.0208589638690695;0;0.0165707572259208;-0.0107642250580167;0;0.0305062610589102;-0.000329720665919186;0
15.0;0.0491494180619405;-0.0352337929961188;0;0.0123584134847139;-0.0278658888475869;0;0.0278215108712135;0.0244019002273901;0;0.0603151532843658;-0.0217195699766677;0;0.0197730061895669;-0.0115506416153066;0;0.0319910093217195;-0.00124848039237602;0
15.25;0.0568976415308491;-0.0364388093729664;0;0.0170946763880657;-0.0287482729290756;0;0.0297409639148692;0.0242784153995337;0;0.0650983120334789;-0.0225673951288812;0;0.0229089239974893;-0.0123479599554144;0;0.0333468123567284;-0.0021490725805573;0
15.5;0.0644290158006342;-0.037592878748804;0;0.0218046752947689;-0.0295913917315;0;0.0315203655429434;0.0240950702601106;0;0.0696602828281847;-0.0234058251262614;0;0.0259748172695442;-0.0131591624192982;0;0.034577515994813;-0.00303203581436362;0
15.75;0.0717065059567208;-0.0386975187358622;0;0.026469056667926;-0.0303967768667426;0;0.0331581492940307;0.0238477462960747;0;0.0740002082726132;-0.0242374411864086;0;0.0289679099806595;-0.0139860623764601;0;0.0356875642751745;-0.00389772682041833;0
16.0;0.0786969052274369;-0.0397541882311954;0;0.0310703130393559;-0.0311658808536142;0;0.0346541657097297;0.0235339425354453;0;0.0781227083015601;-0.0250638811453765;0;0.0318864505867165;-0.0148290474934594;0;0.0366819391627374;-0.00474627762964319;0
16.25;0.0853737393247602;-0.0407642163072732;0;0.0355926041619803;-0.031900012777716;0;0.0360095087082769;0.023152923676109;0;0.0820327219760593;-0.0258865843448919;0;0.0347290114807723;-0.0156883449630625;0;0.0375660184113961;-0.00557762475475254;0
16.5;0.0917287644478328;-0.0417285370069815;0;0.0400215625052542;-0.0326000910491597;0;0.0372274976859808;0.0227052259814156;0;0.0857350783655058;-0.0267068643823185;0;0.0374944063359077;-0.016564131921478;0;0.0383452729662692;-0.00639172277782407;0
16.75;0.0977594797121384;-0.0426479682808045;0;0.0443442029747008;-0.0332669079179118;0;0.0383128724934558;0.0221916063295762;0;0.0892344961344342;-0.0275259199781011;0;0.0401816658610379;-0.017456540758549;0;0.039025154711563;-0.00718866357750381;0
17.0;0.103464080230337;-0.0435233228047163;0;0.0485488179371707;-0.0339012355871029;0;0.0392708830638204;0.0216128040303225;0;0.0925355836528698;-0.0283448448157539;0;0.0427900160060481;-0.0183656638757943;0;0.0396110455283805;-0.00796858167073289;0
17.25;0.108841383654671;-0.0443554065334477;0;0.0526248653853845;-0.0345038265028066;0;0.0401068272780259;0.0209697516950555;0;0.0956428395438085;-0.0291646364612208;0;0.045318858349491;-0.0192915579527373;0;0.0401083385552302;-0.00873166314752583;0
17.5;0.11389076501904;-0.0451450174568393;0;0.0565628675623611;-0.0350754136653635;0;0.0408263212589962;0.0202639370807045;0;0.0985606535989323;-0.0299862044655859;0;0.0477677524370286;-0.0202342477828745;0;0.0405224158584682;-0.00947810023347628;0
17.75;0.118612098107343;-0.0458929445514742;0;0.0603543189721432;-0.0356167109734506;0;0.0414353238143819;0.0194972864990777;0;0.10129330798592;-0.0308103777120601;0;0.0501363998544626;-0.021193729706666;0;0.0408584513934758;-0.0102080785202072;0
18.0;0.12300570265565;-0.0465999669057302;0;0.063991602822659;-0.036128413596189;0;0.041939718443381;0.0186718575799958;0;0.103844978715415;-0.0316379111196494;0;0.0524246298663069;-0.022169974715633;0;0.0411212136211088;-0.0109218350040017;0
18.25;0.12707229677213;-0.0472668529927649;0;0.0674679150517861;-0.0366111983641011;0;0.0423453536431471;0.0177899092810492;0;0.106219737297288;-0.032469491728812;0;0.0546323864417886;-0.0231629312293147;0;0.041315186834469;-0.0116196675739162;0
18.5;0.130812954033001;-0.0478943600766462;0;0.0707771951836698;-0.0370657241771841;0;0.0426586410233752;0.0168549923345238;0;0.108421552564922;-0.0333057442593649;0;0.0567597165362024;-0.0241725276045022;0;0.0414443923567165;-0.0123020241848151;0
18.75;0.134229064769096;-0.0484832337304804;0;0.0739140633423236;-0.0374926324220159;0;0.0428860155259652;0.0158708637947491;0;0.110454820116857;-0.034147093209175;0;0.0588069636113531;-0.0251984821176059;0;0.041512562502476;-0.0129693962838449;0
19.0;0.137322301117484;-0.0490342074574355;0;0.0768737628250395;-0.0378925473986427;0;0.0430337262996406;0.0148408773559856;0;0.112327738332887;-0.0349928530205752;0;0.0607760636327743;-0.0262390751628667;0;0.0415233753430212;-0.0136222116920237;0
19.25;0.140094603604167;-0.049548002553871;0;0.0796521183964813;-0.0382660766256542;0;0.043107696787014;0.0137683743118679;0;0.114049843329276;-0.0358419009956983;0;0.0626695816992591;-0.0272920503857137;0;0.0414805943513292;-0.0142607867863358;0
19.5;0.142553000173983;-0.0500253708976892;0;0.0822483453380833;-0.0386137789427135;0;0.0431133680402161;0.0126574160786679;0;0.115630128334137;-0.0366931914696482;0;0.0644899756160768;-0.0283553026317365;0;0.0413880177550234;-0.0148853842142223;0
19.75;0.144715578231795;-0.0504671480012258;0;0.0846685405279253;-0.0389361249359148;0;0.0430557348036578;0.0115120167595606;0;0.117077069931673;-0.0375457528376655;0;0.0662395980703021;-0.0294268706773029;0;0.0412492794183378;-0.0154962448893206;0
20.0;0.146600993292928;-0.0508741600527824;0;0.0869194730982699;-0.0392335671819182;0;0.0429394122244516;0.0103359838393429;0;0.11839866163211;-0.0383986823074398;0;0.0679207022985544;-0.0305049271532429;0;0.041067831800644;-0.0160935673919971;0
20.25;0.148226831711291;-0.0512472095338476;0;0.0890075953201066;-0.0395065514502604;0;0.0427688474363218;0.00913302012997974;0;0.119602444941602;-0.0392511410605278;0;0.0695354473850234;-0.0315877692503179;0;0.0408469731717213;-0.016677546688936;0
20.5;0.149609679188618;-0.0515870759938855;0;0.09093906068337;-0.0397555165370347;0;0.0425485858258475;0.00790660188485726;0;0.120695538146684;-0.040102349792321;0;0.071085903220176;-0.0326738101429433;0;0.0405899815072337;-0.0172483808556607;0
20.75;0.150765184272185;-0.0518945167983818;0;0.0927197407525817;-0.0399808941349395;0;0.0422830769213355;0.00666003320426611;0;0.121684662995088;-0.0409515845823987;0;0.0725740551396861;-0.0337615710561476;0;0.0402999898406361;-0.0178062639870729;0
21.0;0.151708117261704;-0.0521702678595042;0;0.0943552408964976;-0.0401831087425064;0;0.0419766432393308;0.00539641259092249;0;0.122576169462214;-0.0417981730940027;0;0.0740018082775702;-0.0348496739441408;0;0.0399799428011957;-0.0183513954989367;0
21.25;0.152452424894985;-0.052415044338177;0;0.0958509149757507;-0.0403625775990213;0;0.0416333637431757;0.00411870742170661;0;0.123376058744766;-0.042641491048472;0;0.0753709916446752;-0.0359368347064437;0;0.0396326068368893;-0.0188839529256977;0
21.5;0.153011281158543;-0.0526295413247686;0;0.0972118790700911;-0.0405197106470376;0;0.0412568781942534;0.00282972022440386;0;0.124090004631753;-0.0434809589635836;0;0.0766833619570608;-0.0370218569070291;0;0.039260496379889;-0.019404038486154;0
21.75;0.153397134534798;-0.0528144344999308;0;0.0984430243183532;-0.0406549105201326;0;0.0408505334350966;0.00153199861589259;0;0.124723373384777;-0.0443160391377566;0;0.0779406072335718;-0.0381036259582472;0;0.0388660430075608;-0.0199117387881422;0
22.0;0.153621751964188;-0.0529703807685036;0;0.0995490289353036;-0.0407685725468585;0;0.0404174609887327;0.000227949257830318;0;0.125281242239355;-0.0451462328489103;0;0.0791443501749622;-0.0391811037221337;0;0.0384516612359158;-0.0204071345722556;0
22.25;0.15369625978529;-0.0530980188751249;0;0.100534369468789;-0.0408610847749213;0;0.0399605523022526;-0.00107999004059556;0;0.125768416640835;-0.0459710777599713;0;0.0802961513435125;-0.0402533235034119;0;0.0380196465571071;-0.0208902821432946;0
22.5;0.153631181886398;-0.0531979699995793;0;0.101403331351987;-0.0409328280112753;0;0.0394823585599582;-0.00238946748747049;0;0.126189430382757;-0.0467900900667635;0;0.0813975145923038;-0.0413193327258088;0;0.0375719800255125;-0.0213611559778792;0
22.75;0.153436475279833;-0.0532708383268807;0;0.10216001880096;-0.0409841758715648;0;0.038985299931977;-0.00369824981703548;0;0.126548393232545;-0.0476021797049286;0;0.082449915481277;-0.04237763516169;0;0.0371105067645967;-0.0218196879388222;0
23.0;0.153121563302937;-0.0533172116041021;0;0.102808364103115;-0.0410154948463699;0;0.0384717107371275;-0.00500427880203524;0;0.126849083199074;-0.0484059207447345;0;0.0834547919611399;-0.0434264457735534;0;0.0366369940880831;-0.0222657967261299;0
23.25;0.152695354058057;-0.0533376874186886;0;0.103352413526672;-0.0410271678270426;0;0.0379437436929217;-0.00630568378781771;0;0.127095082467394;-0.0491999771441127;0;0.0844135280842746;-0.0444640932928311;0;0.0361530537783222;-0.0226994292330476;0
23.5;0.152166212674391;-0.0533329899993622;0;0.103797587272391;-0.041019700118847;0;0.0374031889781387;-0.00760073196645195;0;0.127289790484571;-0.0499831039864593;0;0.0853274562356923;-0.0454890196238389;0;0.0356599666565145;-0.0231206047707326;0
23.75;0.151542038561686;-0.0533038678281463;0;0.104149579670182;-0.0409936258054278;0;0.036851690053366;-0.00888779794920369;0;0.127436434220572;-0.050754141763476;0;0.0861978595420858;-0.0464997727608538;0;0.0351588838903083;-0.023529361254564;0
24.0;0.150830316200373;-0.0532510419209244;0;0.104413804551987;-0.0409494602924563;0;0.0362908406134056;-0.0101653067461984;0;0.127538077774407;-0.0515120110447407;0;0.0870259741455328;-0.0474950001838967;0;0.0346509222231995;-0.0239257384335909;0
24.25;0.150038138503023;-0.053175207025199;0;0.104595409988828;-0.0408877010769979;0;0.0357221311126995;-0.0114317344587138;0;0.127597631375757;-0.0522557075107022;0;0.0878129913527204;-0.0484734427022169;0;0.0341371062531833;-0.0243097718938277;0
24.5;0.149172228667684;-0.0530770328045524;0;0.104699292707938;-0.0408088285242239;0;0.0351468544622401;-0.0126855123307141;0;0.127617859820164;-0.0529842973120402;0;0.0885600596642604;-0.0494339287036369;0;0.0336181938953538;-0.024681470003403;0
24.75;0.148238960662447;-0.0529571649621912;0;0.104730111619311;-0.0407133066060368;0;0.0345662247448834;-0.0139251266458165;0;0.127601390378665;-0.0536969127335665;0;0.0892682866924428;-0.0503753687817756;0;0.0330949156303048;-0.0250408088587299;0
25.0;0.147244378434477;-0.0528162263025622;0;0.104692300514193;-0.0406015836000244;0;0.0339814280027936;-0.0151491703140216;0;0.127550720225921;-0.054392748152513;0;0.0899387409791519;-0.0512967507239188;0;0.0325679933506486;-0.0253877527393076;0
25.25;0.146194213933441;-0.0526548177356505;0;0.104590079993201;-0.0404740927517373;0;0.0333935770704481;-0.0163562597912281;0;0.127468223409597;-0.0550710562516641;0;0.0905724537131984;-0.0521971348178303;0;0.0320381239531816;-0.0257222532851649;0
25.5;0.145093904032725;-0.0524735192294756;0;0.104427468677425;-0.0403312529041084;0;0.0328035970204817;-0.0175446812302451;0;0.127356157400481;-0.055731144481457;0;0.0911704203585213;-0.053075649465262;0;0.0315059102419986;-0.0260442012935407;0
25.75;0.143948606423987;-0.0522728907133858;0;0.104208293751164;-0.0401734690954922;0;0.032212315850627;-0.0187126845721832;0;0.127216669248963;-0.0563723717497493;0;0.0917336021967703;-0.0539314870772605;0;0.0309719402834294;-0.0263534814906059;0
26.0;0.142763214553916;-0.0520534729331239;0;0.103936200880828;-0.0400011331265318;0;0.031620531008443;-0.0198585905859643;0;0.127051801373467;-0.0569941453197031;0;0.0922629277888163;-0.0547639002284253;0;0.0304367754625368;-0.0266499855627789;0
26.25;0.141542371669505;-0.0518157882633286;0;0.103614663552394;-0.0398146240999298;0;0.0310290147889275;-0.0209807854017856;0;0.126863497010525;-0.0575959179111247;0;0.0927592943633542;-0.0555721980604571;0;0.0299009224569743;-0.0269335905555192;0
26.5;0.140290484030462;-0.0515603414777726;0;0.103246991865426;-0.0396143089328664;0;0.0304384223120475;-0.0220777148512186;0;0.126653605341502;-0.0581771849769215;0;0.0932235691320731;-0.056355742905541;0;0.0293647778532801;-0.0272041348912802;0
26.75;0.139011733345752;-0.0512876204827992;0;0.102836340820138;-0.0394005428460487;0;0.0298493286804616;-0.0231479092043725;0;0.126423886323733;-0.0587374821547244;0;0.0936565905399505;-0.0571139471247757;0;0.028828720578851198;-0.0274614563619973;0
27.0;0.137710088482107;-0.0509980970102855;0;0.1023857181289;-0.0391736698259704;0;0.0292622440242516;-0.0241899636941367;0;0.1261759888769;-0.0592763794942175;0;0.0940591589441713;-0.0578462691573096;0;0.0282931269777518;-0.0277054098984468;0
27.25;0.13638931649724;-0.0506922272811106;0;0.101897991585387;-0.0389340230689319;0;0.0286776338033253;-0.0252025408643504;0;0.125910728544349;-0.0597933860214304;0;0.0944317481316954;-0.0585521836043694;0;0.0277583096835416;-0.0279358543664703;0
27.5;0.135052993036918;-0.0503704526330515;0;0.101375896017492;-0.0386819254014923;0;0.0280958989897697;-0.026184314192951;0;0.125628045593645;-0.0602879417407223;0;0.0947744880791834;-0.0592311769013605;0;0.0272243827206345;-0.0281525802330211;0
27.75;0.133704460005792;-0.0500332014812543;0;0.100822019948318;-0.0384176913010941;0;0.0275174020815437;-0.0271339618117339;0;0.125327849081724;-0.0607595234194069;0;0.0950875008673329;-0.0598827762376988;0;0.0266914250106969;-0.0283553627795525;0
28.0;0.132345911606714;-0.0496809140062833;0;0.100238459337087;-0.0381416559498411;0;0.0269425027852478;-0.0280502143125467;0;0.125010062970246;-0.0612076481892845;0;0.0953709185959752;-0.0605065488454026;0;0.0261594982929165;-0.0285439834771934;0
28.25;0.130978568317319;-0.0493140383811022;0;0.0996268865252041;-0.0378541704689961;0;0.0263715347117601;-0.0289319228483347;0;0.124674625170604;-0.0616318712379023;0;0.0956248825700428;-0.0611020996664007;0;0.0256286685508147;-0.0287182288349932;0
28.5;0.129603562509518;-0.0489330083626873;0;0.0989888907356811;-0.0375555750164034;0;0.0258047335753557;-0.029778185878651;0;0.124321486649981;-0.0620317836405091;0;0.0958495425412966;-0.061669069162493;0;0.0250989540470431;-0.0288778992529539;0
28.75;0.12822197300579;-0.0485382430865127;0;0.0983259935314518;-0.0372461982887486;0;0.0252422874662427;-0.0305882070464163;0;0.123950610597811;-0.0624070103273611;0;0.0960450560040993;-0.0622071312619381;0;0.0245703642410285;-0.0290228081061419;0
29.0;0.126834827673878;-0.0481301476600025;0;0.0976396519528624;-0.0369263579865362;0;0.0246843998150931;-0.0313612050369847;0;0.123561971634983;-0.0627572081562051;0;0.096211587532677;-0.0627159914154327;0;0.0240429242483917;-0.0291527799376019;0
29.25;0.125443105877242;-0.0477091137276948;0;0.0969312614885443;-0.0365963612569797;0;0.0241312787514993;-0.0320964020476566;0;0.123155555078807;-0.0630820641090588;0;0.0963493081672944;-0.0631953847766036;0;0.0235166788635502;-0.0292676555482836;0
29.5;0.124047740794163;-0.0472755200083643;0;0.0962021588911171;-0.0362565051148707;0;0.0235830725744692;-0.0327930492415773;0;0.122731356248188;-0.0633812935852343;0;0.096458394838292;-0.0636450744818056;0;0.0229916340289721;-0.0293673234542942;0
29.75;0.122649621615386;-0.0468297328095324;0;0.0954536248478863;-0.0359070768458374;0;0.0230398870796417;-0.0334504548334498;0;0.122289379814399;-0.0636546387986971;0;0.0965390298306232;-0.0640648500350536;0;0.0224677857551695;-0.0294516999735284;0
30.0;0.121249595624608;-0.0463721065155343;0;0.0946868865135908;-0.0355483543888004;0;0.0225018079714494;-0.0340679945967772;0;0.121829639187697;-0.0639018672613421;0;0.0965914002817314;-0.0644545257812996;0;0.021945142805367;-0.0295207147049021;0
30.25;0.119848470170561;-0.0459029840535656;0;0.0939031199141134;-0.0351806067012004;0;0.0219689052506477;-0.034645146610651;0;0.121352155946004;-0.0641227703610359;0;0.0966156977160733;-0.0648139394746965;0;0.0214237321389673;-0.0295742909235845;0
30.5;0.118447014535844;-0.0454226973371272;0;0.0931034522280445;-0.0348040941064907;0;0.0214411673001637;-0.0351816312554121;0;0.120856959290581;-0.0643171620076772;0;0.0966121176057673;-0.0651429509180417;0;0.02090354266946;-0.0296123234247228;0
30.75;0.11704596171076;-0.0449315676916155;0;0.092288963954104;-0.0344190686277115;0;0.0209185417698232;-0.0356772525438172;0;0.120344085542373;-0.0644848773701681;0;0.0965808589657087;-0.0654414406921948;0;0.0203845742342191;-0.0296346953404236;0
31.0;0.115646010074919;-0.0444299062585951;0;0.0914606909696669;-0.0340257743043046;0;0.0204009524349279;-0.0361318415025162;0;0.119813577663409;-0.0646257716745464;0;0.0965221239722922;-0.0657093089492411;0;0.0198668357193497;-0.029641287812705;0
31.25;0.114247824992775;-0.0439180143811986;0;0.090619626486939;-0.0336244474941214;0;0.0198882916232139;-0.0365452823620886;0;0.119265484806929;-0.0647397190706009;0;0.0964361176076594;-0.0659464742749303;0;0.0193503442731455;-0.0296319882712401;0
31.5;0.112852040329892;-0.043396183974975;0;0.0897667229133816;-0.0332153171641125;0;0.0193803656553685;-0.0369175671107258;0;0.11869986189687;-0.064826611565818;0;0.0963230473293795;-0.0661528726187657;0;0.0188350794892014;-0.0296066967104838;0
31.75;0.111459259891017;-0.0428646978790252;0;0.0889028936201548;-0.0327986051654725;0;0.0188769332199105;-0.0372487126203476;0;0.118116769229452;-0.0648863580135079;0;0.0961831227603103;-0.0663284562798485;0;0.0183210198049885;-0.0295653296218443;0
32.0;0.110070058787446;-0.0423238301939697;0;0.088029014625068;-0.0323745264985453;0;0.0183777469284513;-0.0375387671948424;0;0.117516272099747;-0.0649188831590364;0;0.0960165554001637;-0.0664731929512699;0;0.0178081593633383;-0.0295078105172624;0
32.25;0.108684984736104;-0.0417738466043174;0;0.0871459261940437;-0.0319432895654752;0;0.0178825770741126;-0.0377878073095657;0;0.116898440451743;-0.0649241267416341;0;0.0958235583573277;-0.0665870648203335;0;0.0172965081954704;-0.0294340520328538;0
32.5;0.107304559294098;-0.0412150046865523;0;0.0862544343654825;-0.0315050964116619;0;0.0173911997397839;-0.0379960339742254;0;0.116263336531725;-0.0649020499693209;0;0.0956043401402979;-0.0666700745973563;0;0.0167861028008962;-0.0293439365835613;0
32.75;0.105929279032365;-0.0406475542033866;0;0.0853553124018003;-0.0310601429563644;0;0.0169033991047216;-0.0381636678587625;0;0.115610789442414;-0.0648527721717036;0;0.0953589928126455;-0.0667223737969498;0;0.016276994737203;-0.0292373508573402;0
33.0;0.104559616653095;-0.0400717373872874;0;0.0844493021725921;-0.0306086192149511;0;0.0164189391578774;-0.0382909247205205;0;0.114940426283365;-0.0647765508383567;0;0.0950875073573751;-0.0667442439468526;0;0.0157692483180824;-0.0291141837035274;0
33.25;0.103195985302419;-0.0394877894699808;0;0.0835370893049916;-0.0301507103102352;0;0.0159375725022736;-0.0383779983740316;0;0.114251890190589;-0.0646736476195304;0;0.0947898817049886;-0.0667359707059125;0;0.0152629068948641;-0.028974329366577;0
33.5;0.101838101958908;-0.0388959434472;0;0.0826188504250798;-0.0296866105536011;0;0.015458996139129;-0.0384250254857688;0;0.113544847584501;-0.0645443230536309;0;0.094466124265427;-0.0666978388731962;0;0.0147579411952127;-0.0288176895066981;0
33.75;0.100485103430859;-0.0382964295148109;0;0.0816943362648495;-0.0292165211364543;0;0.0149828885902547;-0.0384321254588516;0;0.112818987053586;-0.0643888364611391;0;0.0941162533198057;-0.0666301322506893;0;0.0142543200426634;-0.0286441735708576;0
34.0;0.099136142881461;-0.0376894710958169;0;0.0807632969031147;-0.0287406373513355;0;0.0145089334168232;-0.0383994162993306;0;0.112074018287521;-0.0642074458362489;0;0.0937402964407621;-0.0665331335072763;0;0.0137520502638905;-0.0284536937227275;0
34.25;0.0977904093086668;-0.037075284935935;0;0.0798254961039522;-0.0282591483648762;0;0.0140368487815941;-0.0383270041191754;0;0.111309671069536;-0.0640004077584397;0;0.0933382899479493;-0.0664071240628343;0;0.013251166383873;-0.0282461656040356;0
34.5;0.0964471260446835;-0.0364540813418177;0;0.0788807106951861;-0.0277722374425065;0;0.0135664728913031;-0.0382149988846656;0;0.110525694314012;-0.0637679773043676;0;0.0929102783896809;-0.066252383975433;0;0.0127517791104093;-0.0280214777813925;0
34.75;0.0951055493201043;-0.0358260644014583;0;0.0779287299746123;-0.0272800821571813;0;0.0130976895791681;-0.0380634857610072;0;0.109721855152495;-0.0635104079690221;0;0.0924563140528569;-0.0660691918391418;0;0.0122540284331585;-0.0277795206171403;0
35.0;0.0937649668992027;-0.0351914322043148;0;0.076969355147142;-0.0267828545964963;0;0.0126304040339714;-0.0378725321339215;0;0.108897938066601;-0.063227951597669;0;0.0919764565003618;-0.0658578246935677;0;0.0117580496300599;-0.0275201976331845;0
35.25;0.0924246967735574;-0.0345503770460587;0;0.0760023987868461;-0.0262807215559715;0;0.0121645609749573;-0.0376422106614034;0;0.108053744058907;-0.0629208583172025;0;0.0914707721301653;-0.0656185579352204;0;0.0112639900894249;-0.0272434184212451;0
35.5;0.0910840859165134;-0.0339030856275389;0;0.0750276843252546;-0.0257738447263773;0;0.0117001361826834;-0.0373726309942892;0;0.107189089868292;-0.0625893764804291;0;0.0909393337604953;-0.0653516652421584;0;0.0107720238464084;-0.0269491023421349;0
35.75;0.0897425090940303;-0.0332497392462641;0;0.0740450455638122;-0.0252623808737937;0;0.0112371025568698;-0.0370639150155081;0;0.106303807219922;-0.0622337526115562;0;0.0903822202347424;-0.0650574185017041;0;0.0102823217088949;-0.0266371786406574;0
36.0;0.0883993677288331;-0.0325905139798133;0;0.0730543262092489;-0.0247464820119738;0;0.0107754312497795;-0.0367162059590362;0;0.10539774211273;-0.0618542313583432;0;0.089799516048096;-0.0647360877458087;0;0.00979505535309577;-0.0263075807246675;0
36.25;0.0870540888140834;-0.0319255808605172;0;0.072055379429985;-0.0242262955665342;0;0.0103151070981774;-0.036329687700432;0;0.104470754142573;-0.0614510554522594;0;0.089191310994778;-0.0643879410950723;0;0.00931040379283721;-0.0259602477111476;0
36.5;0.0857061238765446;-0.0312551060447894;0;0.0710480674338676;-0.0237019645337846;0;0.00985615585470356;-0.0359046222087676;0;0.103522715854174;-0.0610244656680197;0;0.0885576998314885;-0.0640132447039221;0;0.00882852664622069;-0.0255951387690856;0
36.75;0.0843549479855614;-0.0305792509762843;0;0.0700322610653465;-0.0231736276335706;0;0.00939862955496973;-0.0354412923280676;0;0.102553512125571;-0.0605747007890616;0;0.0878987819595771;-0.0636122627124771;0;0.00834957101848488;-0.0252122237831407;0
37.0;0.0830000588043251;-0.029898172540517;0;0.0690078394206886;-0.0226414194542568;0;0.00894258535959103;-0.0349399523328606;0;0.101563039582167;-0.0601019975791337;0;0.0872146611241043;-0.0631852572051241;0;0.00787368503565711;-0.0248114794205221;0
37.25;0.0816409756847989;-0.0292120232170934;0;0.0679746894818205;-0.0221054705948949;0;0.00848806829638971;-0.0344008717027164;0;0.100551206038581;-0.059606590757511;0;0.0865054451287453;-0.0627324881736051;0;0.00740102246987528;-0.024392888945918;0
37.5;0.0802772387981801;-0.0285209512195654;0;0.0669327057651277;-0.0215659077964934;0;0.00803507897365041;-0.0338243788569992;0;0.0995179299633868;-0.0590887129718372;0;0.0857712455633273;-0.0622542134793747;0;0.00693176932712769;-0.0239564342574887;0
37.75;0.078908408308342;-0.0278251006394092;0;0.0658817899886959;-0.0210228540758728;0;0.00758361764266913;-0.0332108085824205;0;0.0984631399749727;-0.0585485947851874;0;0.0850121775495545;-0.0617506888293695;0;0.00646610333010977;-0.0235021039079313;0
38.0;0.0775340635756905;-0.0271246115753805;0;0.0648218507522333;-0.0204764288468655;0;0.00713368380076029;-0.0325605075753717;0;0.0973867743546659;-0.0579864646547448;0;0.0842283594958424;-0.0612221677457454;0;0.00600417704534928;-0.0230298900158856;0
38.25;0.0761538023984638;-0.0264196202635449;0;0.0637528032329673;-0.0199267480413459;0;0.00668527460890511;-0.0318738472062843;0;0.0962887805859935;-0.0574025489202485;0;0.0834199128671909;-0.0606689015450572;0;0.0055461381981794;-0.0225397833905534;0
38.5;0.0747672402855102;-0.0257102592015273;0;0.0626745688947814;-0.0193739242249067;0;0.00623841050080876;-0.0311512080521545;0;0.0951691149150697;-0.056797071794271;0;0.082586961966868;-0.0600911393200196;0;0.0050921811265261;-0.0220317744781759;0
38.75;0.0733740097579361;-0.0249966572642477;0;0.0615870752094327;-0.0188180667049442;0;0.00579312373819929;-0.030392951681137;0;0.0940277419281816;-0.0561702553495571;0;0.0817296337273898;-0.0594891279197058;0;0.00464250768997854;-0.021505861581685;0
39.0;0.071973759685001;-0.0242789398235141;0;0.06049025539245;-0.0182592816412785;0;0.00534945765252637;-0.0295994215201913;0;0.0928646342095565;-0.0555223196660644;0;0.0808480576055253;-0.0588631121178711;0;0.00419730267562335;-0.020962052388533;0
39.25;0.0705661546415612;-0.0235572288526726;0;0.0593840481477343;-0.0176976721440341;0;0.00490744331846826;-0.0287709701188543;0;0.0916798014699527;-0.0548535618062926;0;0.0799424133856412;-0.0582134293393723;0;0.00375673739493099;-0.0204003680466283;0
39.5;0.0691508742986091;-0.0228316430376507;0;0.0582683974263727;-0.0171333383761634;0;0.00446709876511975;-0.0279080037689829;0;0.0904733371337958;-0.0541644814672004;0;0.0790130073520725;-0.0575406603742161;0;0.00332098838479034;-0.0198208536347502;0
39.75;0.0677276126150073;-0.0221022979083478;0;0.0571432520709756;-0.016566377666845;0;0.00402843254819818;-0.0270109376769909;0;0.0892453500576167;-0.0534555991726187;0;0.0780601616516545;-0.0568454112916581;0;0.00289024054693932;-0.0192235585945411;0
40.0;0.0662960102378776;-0.0213693158641242;0;0.0560085280465064;-0.0159968911043997;0;0.00359145063789879;-0.0260801763592564;0;0.0879959512639363;-0.0527274216678351;0;0.077084193108794;-0.0561282719284337;0;0.00246466532193201;-0.0186085393930648;0
40.25;0.0648555631100631;-0.0206328397180853;0;0.0548640573415931;-0.0154249924321215;0;0.00315616203010816;-0.0251161181923383;0;0.086725253786355;-0.0519804423533103;0;0.076085413334658;-0.055389816400925;0;0.0020444166871546;-0.0179758581475493;0
40.5;0.0634057649517281;-0.0198930116224412;0;0.0537096678590121;-0.0148507942716838;0;0.00272259597912372;-0.0241191721225151;0;0.0854333725149825;-0.0512151416890458;0;0.0750641288289238;-0.0546306035870157;0;0.00162963184231357;-0.0173255903272147;0
40.75;0.0619461308205089;-0.0191499695871016;0;0.0525451966959594;-0.0142744058657041;0;0.00229079338467753;-0.0230897442206421;0;0.0841204240557722;-0.0504319875965946;0;0.0740206410832922;-0.0538511776009636;0;0.00122043236787317;-0.0166578154763268;0
41.0;0.0604761963195628;-0.0184038476183612;0;0.051370489781112;-0.0136959331924409;0;0.0018607987829935;-0.0220282264897684;0;0.082786526589663;-0.0496314358329737;0;0.0729552466778394;-0.0530520682394684;0;0.000816927585306271;-0.0159726151244164;0
41.25;0.0589955168331748;-0.017654775845112;0;0.0501854015247485;-0.0131154790702197;0;0.00143264754566896;-0.0209350006162961;0;0.08143179974806;-0.0488139303672024;0;0.0718682373813131;-0.0522337914254396;0;0.000419210168939532;-0.0152700868645956;0
41.5;0.0575036667929627;-0.0169028806411253;0;0.0489897944832514;-0.0125331432585682;0;0.00100636085852857;-0.019810436607917;0;0.0800563644858503;-0.0479799037295805;0;0.0707599002433366;-0.0513968496240349;0;2.73437766957763e-05;-0.0145503669448948;0
41.75;0.0560002389747769;-0.0161482847454641;0;0.047783539038079;-0.011949022557737;0;0.00058194337275963;-0.0186548866522811;0;0.0786603429667974;-0.0471297773573818;0;0.0696305176885144;-0.0505417322514725;0;-0.000358626814630503;-0.0138136031230456;0
42.0;0.0544848438194681;-0.0153911073722175;0;0.0465665130859971;-0.0113632108994453;0;0.000159386170102804;-0.0174687026975651;0;0.0772438584500907;-0.046263961921835;0;0.0684803676053676;-0.049668916063788;0;-0.000738675485759122;-0.0130599464936232;0
42.25;0.0529571087878367;-0.0146314643289203;0;0.045338601745355;-0.0107757994446132;0;-0.000261315820523356;-0.0162522681127792;0;0.0758070351891416;-0.0453828576543198;0;0.0673097234375231;-0.0487788655410728;0;-0.00111278699995065;-0.0122895552245201;0
42.5;0.0514166777305611;-0.013869468113396;0;0.0440996970694254;-0.0101868766634476;0;-0.000680136022821798;-0.0150060351542054;0;0.0743499983268769;-0.0444868546460258;0;0.0661188542671471;-0.047872033245294;0;-0.00148095055853747;-0.0115026054381451;0
42.75;0.0498632102907557;-0.0131052280207982;0;0.0428496977750772;-0.00959652842376002;0;-0.00109703708439568;-0.013730463078276;0;0.0728728738038189;-0.0435763331513812;0;0.0649080249015146;-0.0469488601778048;0;-0.00184315101298016;-0.0106992766676912;0
43.0;0.0482963813324702;-0.0123388502514188;0;0.0415885089836276;-0.00900483807983266;0;-0.00151198138583875;-0.0124260099377693;0;0.0713757882674617;-0.0426516638741745;0;0.063677495955325;-0.0460097761186153;0;-0.00219937752608779;-0.00987975224683613;0
43.25;0.0467158803726111;-0.0115704379842079;0;0.0403160419631803;-0.00841188653332581;0;-0.00192493839211094;-0.0110931505770857;0;0.0698588689867172;-0.0417132082448233;0;0.062427523931504;-0.0450551999548316;0;-0.00254964096260479;-0.00904422375044822;0
43.5;0.0451214110602436;-0.0108000914890576;0;0.0390322138933747;-0.0078177523256433;0;-0.00233588408110696;-0.00973238866068327;0;0.0683222437691615;-0.040761318686382;0;0.0611583612991708;-0.0440855399962996;0;-0.0028939878762263;-0.00819289678445179;0
43.75;0.0435126906582024;-0.0100279082071404;0;0.0377369476310179;-0.00722251170426813;0;-0.0027448052064678;-0.00834422164015525;0;0.0667660408864954;-0.0397963388773357;0;0.0598702565725038;-0.0431011942854926;0;-0.00323247478334487;-0.00732597028092741;0
44.0;0.0418894495523716;-0.00925398284047985;0;0.0364301714887798;-0.00662623869653012;0;-0.0031516991930034;-0.00692913156525954;0;0.0651903890017955;-0.0388186040029392;0;0.0585634543864533;-0.0421025508946857;0;-0.00356516031795096;-0.00644363688674821;0
44.25;0.0402514307731519;-0.00847840742871075;0;0.035111819019475;-0.00602900517291505;0;-0.00355657038418111;-0.00548760361380207;0;0.063595417097515;-0.0378284409924414;0;0.057238195568841;-0.0410899882082683;0;-0.0038920996238847;-0.00554608377002541;0
44.5;0.0385983895426971;-0.0077012714348752;0;0.0337818288124971;-0.00543088091765354;0;-0.00395941338031647;-0.00402014955776897;0;0.0619812544110374;-0.0368261687553881;0;0.055894717213361;-0.0400638752015807;0;-0.00421334428433795;-0.00463350079678149;0
44.75;0.0369300928337051;-0.00692266182006152;0;0.032440144295526;-0.00483193369019985;0;-0.00436022321540408;-0.00252727414918885;0;0.0603480303741026;-0.0358120984108277;0;0.0545332527513533;-0.0390245717111113;0;-0.00452895212515059;-0.00370607840343373;0
45.0;0.0352463189474967;-0.00614266311935996;0;0.0310867135452959;-0.00423222928772549;0;-0.00475900468600143;-0.00100946718743966;0;0.0586958745525816;-0.0347865335043418;0;0.053154032020073;-0.0379724286917908;0;-0.00483898791283166;-0.00276401096146728;0
45.25;0.0335468571062627;-0.00536135751266786;0;0.0297214891049578;-0.00363183160337366;0;-0.00515578408537398;0.000532769163234637;0;0.0570249165903434;-0.0337497702192811;0;0.0517572813301062;-0.0369077884669422;0;-0.00514352249132766;-0.00180750192649137;0
45.5;0.0318315070604971;-0.00457882489379302;0;0.0283444278084044;-0.00303080268311451;0;-0.00555061747551089;0.00209888194420804;0;0.0553352861519514;-0.0327020975744461;0;0.0503432235286407;-0.0358309849643426;0;-0.00544263848621451;-0.000836784154032433;0
45.75;0.0301000787145114;-0.00379514294165917;0;0.0269554906131795;-0.00242920278421854;0;-0.0059435720632437;0.00368831252183943;0;0.0536271128860282;-0.0316437976452897;0;0.0489120780729166;-0.0347423439702159;0;-0.00573642970116139;0.000147901859346433;0
46.0;0.0283523917603024;-0.00301038718126945;0;0.0255546424370863;-0.0018270904254114;0;-0.00633472166213178;0.00530050314741271;0;0.0519005263630099;-0.0305751457310368;0;0.0474640610838257;-0.0336421833348004;0;-0.00602499714594729;0.00114632046353469;0
46.25;0.0265882753287325;-0.00222463104824056;0;0.0241418520029288;-0.00122452243986548;0;-0.00672415182678021;0.00693489434632433;0;0.0501556560368606;-0.0294964105512507;0;0.0459993854120917;-0.032530813201092;0;-0.00630844287693;0.0021582347774487;0
46.5;0.0248075676513988;-0.00143794594832447;0;0.0227170916881345;-0.000621554024102133;0;-0.00711195358710148;0.00859090487176273;0;0.0483926312016063;-0.0284078544247126;0;0.0445182606981795;-0.0314085362164704;0;-0.00658686631664884;0.00318338147589792;0
46.75;0.0230101157393285;-0.000650401321075522;0;0.0212803373823132;-1.82387901950243e-05;0;-0.00749822048299664;0.0102679564747894;0;0.046611580952634;-0.027309733445757;0;0.0430208934324572;-0.0302756477402721;0;-0.00686037097692382;0.00422149596881871;0
47.0;0.0211957750653085;0.000137935310332349;0;0.0198315683462607;0.000585371193272843;0;-0.00788304696079456;0.0119654828189204;0;0.0448126367272277;-0.0262022988618735;0;0.041507489321102;-0.0291324373765283;0;-0.00712905621912585;0.00527232112041442;0
47.25;0.01936440926616;0.000926998278458102;0;0.0183707670804143;0.00118922535151622;0;-0.00826652503720993;0.0136829292177332;0;0.0429960504412641;-0.0250858527603552;0;0.0399783590907141;-0.0279792503731313;0;-0.00739301785296886;0.00633560726744742;0
47.5;0.017515889851154;0.00171672371964471;0;0.0168979191959782;0.00179327456092926;0;-0.00864872640704395;0.0154197515555938;0;0.0411622389990338;-0.0239607691535211;0;0.0384339584047062;-0.0268165108782596;0;-0.0076523595711897;0.00741111209298984;0
47.75;0.0156501063961283;0.00250704875984398;0;0.0154130213879284;0.00239747079581321;0;-0.00902971164094346;0.0171754270499389;0;0.039311622539044;-0.0228274181519008;0;0.0368747431976573;-0.025644638362631;0;-0.00790719544026108;0.00849859728850255;0
48.0;0.0137671497348784;0.00329789806297653;0;0.0139162231228784;0.00300176160327537;0;-0.00940953968932823;0.0189494497833813;0;0.0374446116087999;-0.0216861600965559;0;0.0353011582796263;-0.0244640411643668;0;-0.00815764798469387;0.00959782657286157;0
48.25;0.0118672822857118;0.00408918593150664;0;0.0124078037898219;0.00360609094312681;0;-0.00978825426163143;0.0207413465177426;0;0.0355616074209468;-0.0205373458426346;0;0.033713637641652;-0.0232751168107324;0;-0.00840384635996871;0.0107085637677686;0
48.5;0.00995076769016912;0.00488082868538942;0;0.0108880411027865;0.00421040423408803;0;-0.0101658476365233;0.0225507269884431;0;0.0336630020955422;-0.0193813170237895;0;0.0321126047477325;-0.0220782523209546;0;-0.00864592483548166;0.0118305715627911;0
48.75;0.00801786486253775;0.00567274502992854;0;0.00935720658172734;0.00481464848415203;0;-0.0105423053671783;0.0243772217820912;0;0.0317491788944455;-0.0182184063068771;0;0.0304984728173761;-0.0208738244982649;0;-0.00888401983139819;0.012963615262044;0
49.0;0.00606882809149845;0.0064648559917051;0;0.00781556571025277;0.00541877224823151;0;-0.0109176163975631;0.0262204611842054;0;0.0298205124449407;-0.0170489376338563;0;0.0288716450970945;-0.0196622002086471;0;-0.00911827014918842;0.0141074608360228;0
49.25;0.00410390714412223;0.00725708484819676;0;0.00626337809101507;0.0060227255803631;0;-0.0112917690882666;0.0280800739035385;0;0.0278773689815335;-0.0158732264954835;0;0.0272325151396515;-0.0184437366845223;0;-0.00934881774284979;0.0152618713087418;0
49.5;0.00212334736421482;0.00804935706478904;0;0.00470089759515169;0.00662645999164191;0;-0.0116647387464309;0.0299556588960868;0;0.0259201065377468;-0.0146915801270684;0;0.0255814670469725;-0.0172187817595193;0;-0.00957580964183458;0.0164265991324939;0
49.75;0.000127389766792163;0.00884160023474401;0;0.00312837250661602;0.00722992841023995;0;-0.0120365031760601;0.0318468125112918;0;0.0239490751714833;-0.0135042977622943;0;0.023918875731237;-0.0159876741508596;0;-0.00979939556657627;0.0176013977036202;0
50.0;-0.00188372886557708;0.00963374401562422;0;0.0015460456644103;0.00783308513831793;0;-0.0124070482489703;0.033753140601974;0;0.0219646171605401;-0.0123116708408648;0;0.022245107152866;-0.0147507437001519;0;-0.0100197267760979;0.0187860283399814;0
50.25;-0.00390977589281682;0.0104257200726867;0;-4.58454012406406e-05;0.00843588581429877;0;-0.0127763717354298;0.0356742454874954;0;0.0199670672022254;-0.0111139832267999;0;0.0205605185578666;-0.0135083116213608;0;-0.0102369541859992;0.019980254841605;0
50.5;-0.00595052272880814;0.0112174620230547;0;-0.00164706833628436;0.00903828737553813;0;-0.0131444945400565;0.0376097148853378;0;0.0179567526036912;-0.00991151141305058;0;0.0188654587056796;-0.0122606907351519;0;-0.0104512223063837;0.0211838259414372;0
50.75;-0.00800574475598914;0.0120089053831585;0;-0.00325739583438533;0.00964024802338903;0;-0.0135114489040599;0.0395591423276964;0;0.0159339934689964;-0.00870452472486849;0;0.0171602680918053;-0.0110081857003539;0;-0.010662675798542;0.0223964913628656;0
51.0;-0.0100752212346435;0.0127999875054432;0;-0.00487660550876612;0.0102417271793394;0;-0.0138772720325115;0.0415221292006498;0;0.0138991028779074;-0.007493285511873;0;0.015445279161888;-0.0097510932339675;0;-0.0108714603281308;0.0236180053521968;0
51.25;-0.0121587352276773;0.0135906475382115;0;-0.00650447977386115;0.0108426854596713;0;-0.0142420021689833;0.0434982753831559;0;0.0118523870612872;-0.00627804933648313;0;0.0137208165205855;-0.00848970232636748;0;-0.0110777151629938;0.0248481247691723;0
51.5;-0.0142560735175259;0.0143808263711236;0;-0.00814080572580345;0.0114430846382871;0;-0.0146056693042131;0.0454871601923048;0;0.00979414557098934;-0.00505906515685339;0;0.0119871971340153;-0.00722429445014794;0;-0.0112815552626307;0.0260866064987146;0
51.75;-0.0163670265291582;0.0151704665889638;0;-0.00978537502814447;0.0120428876160232;0;-0.0149682988278114;0.0474883693233004;0;0.00772467144559208;-0.00383657550541794;0;0.0102447305266882;-0.00595514376362227;0;-0.0114830912949825;0.0273332103416384;0
52.0;-0.0184913882517499;0.0159595124209857;0;-0.0114379837993468;0.0126420583861553;0;-0.0153299173997989;0.049501500185047;0;0.0056442513699313;-0.00261081665913965;0;0.0084937189717138;-0.00468251730568903;0;-0.0116824316401236;0.0285877011755309;0
52.25;-0.0206289561667639;0.0167479096993901;0;-0.0130984325055223;0.013240562007139;0;-0.0156905510428935;0.0515261567926601;0;0.00355316583211973;-0.00138201880793476;0;0.00673445767674963;-0.00340667518764781;0;-0.0118796802681528;0.0298498462618069;0
52.5;-0.0227795311736454;0.0175356058123142;0;-0.0147665258541885;0.0138383645706934;0;-0.0160502130079411;0.0535619454813583;0;0.00145168927419093;-0.000150406215466692;0;0.00496723496332763;-0.00212787077705445;0;-0.0120749244231547;0.0311194102901711;0
52.75;-0.024942917519251;0.0183225496611892;0;-0.0164420726919197;0.0144354331732441;0;-0.0164089212629681;0.0556084752202439;0;-0.000659909761466793;0.00108380262458474;0;0.00319233244099415;-0.000846350876321456;0;-0.0122682514787131;0.0323961617619255;0
53.0;-0.0271189227357596;0.0191086916297494;0;-0.0181248859081293;0.0150317358966638;0;-0.0167666953124169;0.0576653552156334;0;-0.00278136849013322;0.00232039483886992;0;0.00141002517618105;0.000437644105690582;0;-0.0124597478918638;0.0336798741304927;0
53.25;-0.0293073575587091;0.019893983520622;0;-0.0198147823311778;0.0156272417624701;0;-0.0171235467807518;0.0597321948312088;0;-0.00491242973940409;0.00355916301508152;0;-0.000379418138944487;0.00172387997511003;0;-0.0126494913908395;0.0349703264718193;0
53.5;-0.0315080358763495;0.0206783785401354;0;-0.0215115826414589;0.0162219207250878;0;-0.0174794641681649;0.0618086158197593;0;-0.00705284182378207;0.00479990507546302;0;-0.00217573503286417;0.00301212860383671;0;-0.0128375372767157;0.0362673012612;0
53.75;-0.0337207746575618;0.0214618312467003;0;-0.0232151112760519;0.0168157436352754;0;-0.0178344327413398;0.063894248097883;0;-0.0092023584028933;0.00604242411912859;0;-0.00397866909245792;0.00430216775480852;0;-0.0130239404965998;0.0375705846820726;0
54.0;-0.0359453938938206;0.0222442975218093;0;-0.0249251963417692;0.0174086822218484;0;-0.0181884430010359;0.0659887279031741;0;-0.011360738364214;0.00728652830532739;0;-0.00578796981890228;0.00559378094351848;0;-0.0132087614280546;0.0388799688278643;0
54.25;-0.03818171653392;0.02302573452693;0;-0.0266416695265672;0.0180007090617325;0;-0.0185414851359977;0.0680916954999367;0;-0.0135277456897835;0.00853203070652775;0;-0.0076033924749499;0.00688675727477639;0;-0.0133920622580713;0.0401952479825214;0
54.5;-0.0404295684297828;0.0238061006771277;0;-0.0283643660178576;0.0185917975634962;0;-0.0188935381723794;0.0702027942567116;0;-0.0157031493444322;0.0097787491958492;0;-0.00942469794833478;0.00818089131004873;0;-0.013573892621501;0.0415162147171069;0
54.75;-0.042688778272769;0.0245853555985256;0;-0.0300931244178262;0.0191819219375815;0;-0.0192445807590885;0.0723216745746194;0;-0.017886723145244;0.0110265063019259;0;-0.0112516526045496;0.00947598290784124;0;-0.0137543037623794;0.0428426620193743;0
55.0;-0.0449591775414699;0.0253634601023682;0;-0.0318277866659198;0.019771057179915;0;-0.0195945957651431;0.074447997458055;0;-0.0200782456623187;0.0122751291135352;0;-0.0130840281620728;0.0107718371078571;0;-0.0139333500190977;0.0441743867172066;0
55.25;-0.0472406004439119;0.0261403761496506;0;-0.0335681979600313;0.0203591790477047;0;-0.0199435734368274;0.0765814351180771;0;-0.0222775000965569;0.0135244491444133;0;-0.0149216015541818;0.0120682639819554;0;-0.0141110841775496;0.0455111918793052;0
55.5;-0.049532883873793;0.0269160668360162;0;-0.0353142066859196;0.0209462640515741;0;-0.0202915008329559;0.0787216759386182;0;-0.024484274176146;0.0147743022281774;0;-0.0167641548047079;0.0133650785118726;0;-0.0142875557179373;0.0468528805654849;0
55.75;-0.0518358673341819;0.027690496324827;0;-0.0370656643324487;0.021532289405469;0;-0.0206383639240925;0.0808684201635748;0;-0.026698360050192;0.0160245284052853;0;-0.0186114749034996;0.0146621004610652;0;-0.0144628154102461;0.0481992574626258;0
56.0;-0.0541493929104746;0.0284636298562009;0;-0.0388224254317748;0.0221172330381572;0;-0.020984152508905;0.083021379034693;0;-0.0289195541871816;0.0172749718184639;0;-0.0204633536866634;0.015959154254676;0;-0.0146369180923744;0.0495501302775287;0
56.25;-0.0564733052099236;0.0292354337032283;0;-0.0405843474847778;0.0227010735617137;0;-0.021328857045267;0.0851802617668818;0;-0.0311476572729035;0.0185254806042716;0;-0.022319587717913;0.0172560688570698;0;-0.0148099240428794;0.0509053092153993;0
56.5;-0.0588074513117558;0.0300058751425019;0;-0.0423512908929844;0.02328379025149;0;-0.0216724650040587;0.0873447693250089;0;-0.0333824740787296;0.0197759068041758;0;-0.0241799781556971;0.0185526776763041;0;-0.0149818951746682;0.0522646041742783;0
56.75;-0.0611516807225101;0.0307749224333593;0;-0.0441231188940137;0.0238653630330905;0;-0.0220149697933334;0.089514610525967;0;-0.0356237852928896;0.0210261137353551;0;-0.0260443150855885;0.0198488320942496;0;-0.0151528989786711;0.0536278274570834;0
57.0;-0.0635058453270574;0.0315425447880522;0;-0.0458996974963775;0.0244457724618381;0;-0.022356371071683;0.0916894988711965;0;-0.0378712983764355;0.0222759889355328;0;-0.0279123502309915;0.0211444251843864;0;-0.015323009882505;0.0549947942451299;0
57.25;-0.0658697855560924;0.0323087124042436;0;-0.047680888739098;0.025024999766752;0;-0.0226966702159008;0.0938691411087516;0;-0.0401247140141656;0.0235254263805651;0;-0.0297838337208631;0.0224393592843337;0;-0.0154923022067784;0.0563653233030403;0
57.5;-0.0682431564220209;0.0330733971423156;0;-0.0494664663914204;0.0256030275804269;0;-0.0230358617711693;0.0960532227562978;0;-0.0423837396915889;0.0247743227515735;0;-0.0316585215590877;0.02373353924578;0;-0.0156608393724745;0.0577392362769946;0
57.75;-0.0706254847164391;0.0338365722717635;0;-0.0512561436187138;0.0261798396784383;0;-0.0233739396614934;0.0982414277410446;0;-0.0446480895344425;0.0260225773701175;0;-0.0335361754834569;0.0250268723739135;0;-0.0158286832980606;0.0591163582221257;0
58.0;-0.0730163050224135;0.0345982119002204;0;-0.0530496388238237;0.0267554203810485;0;-0.0237109015460524;0.100433446902616;0;-0.0469174841504358;0.0272700921321853;0;-0.0354165628271303;0.0263192683659703;0;-0.015995897646856;0.0604965163308355;0
58.25;-0.0754151625622406;0.0353582909315038;0;-0.0548466769903388;0.0273297545194084;0;-0.0240467512421613;0.102628977293478;0;-0.049191650478388;0.0285167714489305;0;-0.0372994563859361;0.0276106392557185;0;-0.0161625451114131;0.0618795369757557;0
58.5;-0.077821612950622;0.0361167850548165;0;-0.0566469895277528;0.0279028274301434;0;-0.0243815029314526;0.104827733250261;0;-0.0514703216326069;0.0297625221743687;0;-0.0391846342834228;0.0289008993468798;0;-0.0163286819756703;0.063265240432941;0
58.75;-0.0802352219449247;0.0368736707184971;0;-0.0584503141163246;0.0284746249372936;0;-0.0247151757563945;0.10702943719466;0;-0.0537532367647451;0.0310072535571118;0;-0.0410718798483121;0.0301899651672923;0;-0.0164943659782498;0.0646534508277865;0
59.0;-0.0826555652059149;0.0376289251113315;0;-0.0602563945578396;0.0290451333403177;0;-0.0250477920360875;0.109233817983634;0;-0.056040140917359;0.032250877173797;0;-0.0429609814873704;0.0314777554074992;0;-0.0166596573828959;0.0660439983094707;0
59.25;-0.0850822280659074;0.0383825261449828;0;-0.0620649806309217;0.0296143394028894;0;-0.025379370876108;0.111440610895351;0;-0.0583307848858681;0.0334933068724466;0;-0.0448517325646449;0.0327641908679643;0;-0.0168246196260635;0.0674367149633559;0
59.5;-0.0875148052996444;0.0391344524328197;0;-0.0638758279485021;0.0301822303387249;0;-0.0257099170218085;0.113649560992196;0;-0.0606249250888133;0.0347344587230178;0;-0.0467439312869224;0.0340491944125803;0;-0.0169893201900584;0.0688314284427105;0
59.75;-0.0899529009045654;0.0398846832738975;0;-0.0656886978206792;0.0307487938014859;0;-0.0260394300732393;0.115860425712097;0;-0.0629223234299374;0.0359742509534169;0;-0.0486373805847204;0.0353326909098082;0;-0.0171538313872787;0.0702279683793123;0
60.0;-0.0923961278846157;0.0406331986339641;0;-0.0675033571201542;0.0313140178722031;0;-0.0263679090572108;0.118072969850051;0;-0.0652227471769091;0.0372126039055194;0;-0.0505318880048318;0.0366146071910984;0;-0.017318230176788;0.0716261684082795;0
60.25;-0.0948441080413147;0.0413799791296896;0;-0.0693195781519318;0.0318778910492314;0;-0.0266953557640043;0.120286957990592;0;-0.0675259688345058;0.0384494399799546;0;-0.0524272656000946;0.0378948719997629;0;-0.0174825883983087;0.0730258650947069;0
60.5;-0.0972964717682689;0.0421250060103042;0;-0.0711371385254722;0.0324404022360381;0;-0.0270217828805193;0.122502132184212;0;-0.0698317660255601;0.0396846835890261;0;-0.0543233298249;0.0391734159469386;0;-0.0176469514931391;0.0744268924609979;0
60.75;-0.0997528578533249;0.0428682611429405;0;-0.0729558210313197;0.0330015407319173;0;-0.0273472078561324;0.124718232727001;0;-0.0721399213689775;0.0409182611016832;0;-0.0562199014295626;0.0404501714608245;0;-0.0178113604090613;0.0758290886630713;0
61.0;-0.102212913283731;0.0436097269955067;0;-0.0747754135198822;0.0335612962206377;0;-0.0276716494883408;0.126935006295087;0;-0.0744502223707713;0.0421501008051133;0;-0.0581168053638308;0.0417250727502751;0;-0.0179758578660749;0.0772322971121215;0
61.25;-0.104676293057752;0.0443493866222624;0;-0.0765957087840388;0.0341196587612167;0;-0.0279951276454021;0.129152207065644;0;-0.0767624613066786;0.0433801328502077;0;-0.0600138706756095;0.0429980557546452;0;-0.0181404840448549;0.0786363675087078;0
61.5;-0.107142660000365;0.0450872236480655;0;-0.078416504444462;0.0346766187775414;0;-0.0283176594205004;0.131369603967426;0;-0.0790764351180933;0.0446082892133981;0;-0.0619109304190033;0.0442690581077914;0;-0.0183052678267509;0.0800411611872631;0
61.75;-0.109611684584237;0.0458232222548027;0;-0.0802376028380785;0.035232167049716;0;-0.0286392615038084;0.133586972933686;0;-0.0813919453029719;0.0458345036500658;0;-0.0638078215597293;0.0455380190948804;0;-0.0184702390987862;0.0814465446426595;0
62.0;-0.112083044755016;0.0465573671671959;0;-0.0820588109093165;0.0357862947048306;0;-0.0289599474706722;0.135804097379905;0;-0.083708797813415;0.0470587116522743;0;-0.065704384885473;0.0468048796130502;0;-0.018635431999466;0.0828523878715175;0
62.25;-0.114556425759464;0.0472896436363364;0;-0.0838799401033885;0.0363389932058162;0;-0.0292797313543326;0.138020760188817;0;-0.0860268029536329;0.0482808504061385;0;-0.0676004649171507;0.0480695821318002;0;-0.0188008765591512;0.0842585630893784;0
62.5;-0.1170315199825;0.0480200374314126;0;-0.085700806264402;0.0368902543469158;0;-0.0295986313085925;0.140236731442477;0;-0.0883457752840844;0.0495008587548214;0;-0.0694959098246919;0.0493320706583069;0;-0.0189665777680461;0.0856649454349117;0
62.75;-0.119508026781824;0.0487485348209811;0;-0.0875212295329977;0.0374400702405948;0;-0.0299166659871836;0.142451781108131;0;-0.0906655335217383;0.0507186771539565;0;-0.0713905713409719;0.0505922906963148;0;-0.0191325349222141;0.087071412702358;0
63.0;-0.121985652333205;0.0494751225651715;0;-0.0893410342496086;0.0379884333132794;0;-0.0302338545679556;0.144665682522852;0;-0.0929859004510796;0.051934247639398;0;-0.0732843046831704;0.0518501892156735;0;-0.0192987466343355;0.0884778452613508;0
63.25;-0.124464109474784;0.0501997879000364;0;-0.0911600488579367;0.0385353362946561;0;-0.0305502146001463;0.146878214880302;0;-0.0953067028300989;0.0531475137859221;0;-0.0751769684714798;0.0531057146141876;0;-0.0194652080390582;0.089884128056656;0
63.5;-0.126943117556745;0.0509225185253608;0;-0.0929781058114383;0.0390807722097433;0;-0.0308657538234832;0.149089165142215;0;-0.0976277713018749;0.0543584206714709;0;-0.0770684246519675;0.0543588166842954;0;-0.0196318986736072;0.0912901565831707;0
63.75;-0.129422402297704;0.0516433025966851;0;-0.0947950414836871;0.0396247343743263;0;-0.0311804757678931;0.151298328480307;0;-0.0999489403092628;0.0555669148438462;0;-0.0789585384219418;0.0556094465819195;0;-0.0197987949734378;0.0926958304567362;0
64.0;-0.131901695639332;0.052362128709678;0;-0.0966106960783311;0.0401672163841174;0;-0.0314943835017626;0.153505505142672;0;-0.102270048007103;0.0567729442805107;0;-0.0808471781541442;0.0568575567894485;0;-0.0199658766413054;0.09410105028662;0
64.25;-0.134380735608255;0.0530789858904659;0;-0.0984249135431199;0.0407082121087374;0;-0.031807481736866;0.15571049936586;0;-0.104590936185323;0.0579764583645459;0;-0.0827342153286779;0.0581031010926905;0;-0.020133125649919;0.0955057173187228;0
64.5;-0.136859266180874;0.0537938635857043;0;-0.100237541485757;0.0412477156854165;0;-0.0321197813728892;0.157913119382855;0;-0.10691145018345;0.0591774078426448;0;-0.0846195244595886;0.0593460345424286;0;-0.0203005250951662;0.0969097315317256;0
64.75;-0.139337037150272;0.0545067516505406;0;-0.102048431091335;0.0417857215109441;0;-0.0324312966902072;0.160113178730682;0;-0.109231438813392;0.0603757447963673;0;-0.0865029830274437;0.0605863134274396;0;-0.0204680600743161;0.0983129946441181;0
65.0;-0.141813803998192;0.0552176403399429;0;-0.103857437042592;0.042322224236309;0;-0.0327420423576927;0.162310495202759;0;-0.11155075428568;0.0615714226141888;0;-0.0883844714145088;0.0618238952482473;0;-0.0206357186638546;0.0997154108372782;0
65.25;-0.144289327768162;0.0559265202973505;0;-0.10566441744121;0.0428572187591298;0;-0.0330520329673061;0.164504894259386;0;-0.113869252131304;0.0627643959559185;0;-0.0902638728375287;0.0630587386843997;0;-0.0208034895579402;0.101116884390908;0
65.5;-0.146763374940164;0.0566333825411032;0;-0.107469233730317;0.0433907002142349;0;-0.0333612823559433;0.16669621863826;0;-0.116186791129895;0.0639546207255426;0;-0.0921410732850525;0.0642908035690068;0;-0.0209713562406365;0.102517316636615;0
65.75;-0.149235717323998;0.0573382184747131;0;-0.109271750626219;0.0439226639835371;0;-0.033669804755621;0.168884318351593;0;-0.118503233241411;0.0651420540443339;0;-0.0940159614573766;0.0655200508635863;0;-0.0211393018160253;0.103916610624884;0
66.0;-0.151706131917388;0.0580410198401298;0;-0.111071836034123;0.0444531056596573;0;-0.0339776139957532;0.171069047800068;0;-0.120818443527947;0.0663266542121037;0;-0.0958884287005386;0.06674644262276;0;-0.0213073111365598;0.10531467366745;0
66.25;-0.154174400815284;0.0587417787438906;0;-0.112869360988137;0.0449820210685901;0;-0.0342847220442517;0.173250267065991;0;-0.123132290101983;0.0675083807015402;0;-0.0977583689578623;0.0679699419874262;0;-0.0214753687656706;0.106711415937051;0
66.5;-0.156640311088717;0.0594404876337487;0;-0.114664199577614;0.0455094062521979;0;-0.0345911367517813;0.1754278488664;0;-0.125444644045789;0.0686871941107461;0;-0.0996256787030489;0.0691905131420807;0;-0.0216434510169182;0.108106747064768;0
66.75;-0.159103654675535;0.0601371392890455;0;-0.116456228879313;0.0460352574617948;0;-0.0348968648542687;0.177601671468474;0;-0.127755379350651;0.0698630561424527;0;-0.101490256886617;0.0704081212950947;0;-0.0218115334686791;0.109500577424094;0
67.0;-0.16156422827707;0.0608317268167284;0;-0.118245328892908;0.0465595711562972;0;-0.0352019128910704;0.179771614813736;0;-0.130064372857605;0.0710359295835832;0;-0.103352004883604;0.0716227326593473;0;-0.0219795945537636;0.110892818656297;0
67.25;-0.164021833252615;0.0615242436399617;0;-0.120031382475723;0.0470823439943069;0;-0.0355062827013503;0.181937563985454;0;-0.132371504192403;0.0722057782755652;0;-0.105210826437899;0.0728343144249437;0;-0.0221476119340579;0.112283384305446;0
67.5;-0.166476275519095;0.0622146834916046;0;-0.121814275280366;0.0476035728301343;0;-0.0358099589463482;0.18409941510266;0;-0.134676655707798;0.0733725670932235;0;-0.107066627611609;0.0740428347393529;0;-0.0223155533095387;0.11367219194139;0
67.75;-0.168927365452623;0.0629030404067552;0;-0.123593895693592;0.0481232547090149;0;-0.0361129229934734;0.186257069660376;0;-0.136979712423269;0.0745362619188319;0;-0.108919316733161;0.0752482626834381;0;-0.0224833855100391;0.115059161064261;0
68.0;-0.17137491779201;0.0635893087148882;0;-0.125370134776466;0.0486413868619722;0;-0.0364151569888873;0.188410432545949;0;-0.139280561967933;0.0756968296211331;0;-0.11076880435072;0.0764505682517511;0;-0.0226510770779321;0.116444212396727;0
68.25;-0.173818751544063;0.0642734830315959;0;-0.127142886205686;0.0491579667003272;0;-0.0367166427462532;0.190559411924639;0;-0.141579094609234;0.0768542445638569;0;-0.112615010927241;0.077649727817787;0;-0.0228185975501345;0.117827267617296;0
68.5;-0.176258689940338;0.0649555582585213;0;-0.128912046251591;0.0496729918153729;0;-0.0370173569219442;0.192703924639943;0;-0.143875203372804;0.078008502461703;0;-0.114457883256538;0.0788457357711758;0;-0.0229859154129477;0.119208245394507;0
68.75;-0.178694583106436;0.0656355324678717;0;-0.130677530163839;0.0501864616293641;0;-0.037317275749287;0.194843890671244;0;-0.146168783775048;0.0791596033948723;0;-0.116297374294961;0.0800385902477501;0;-0.0231530015279618;0.120587065142338;0
69.0;-0.181126343591075;0.0663134114153503;0;-0.132439297847897;0.0506983799774925;0;-0.0376163767035679;0.196979232205228;0;-0.148459733718168;0.0803075476779509;0;-0.118133438241037;0.081228289657451;0;-0.0233198289725206;0.121963648876781;0
69.25;-0.183553895487314;0.0669892020869287;0;-0.134197317117236;0.0512087514143589;0;-0.0379146392535225;0.199109876452474;0;-0.150747953439261;0.0814523358516928;0;-0.119966030507896;0.0824148326755698;0;-0.0234863743843797;0.123337919724207;0
69.5;-0.185977164786866;0.0676629114735494;0;-0.135951556734479;0.0517175805109416;0;-0.0382120442844923;0.201235755067187;0;-0.153033345461354;0.0825939686789283;0;-0.121795107696849;0.0835982182375414;0;-0.0236526211132512;0.124709800415767;0
69.75;-0.18839607934447;0.0683345465774037;0;-0.137701986392756;0.0522248718594716;0;-0.0385085736949854;0.203356801330832;0;-0.155315814545018;0.0837324471373835;0;-0.123620627571166;0.0847784455311449;0;-0.0238185548529189;0.12607921502713;0
70.0;-0.190810568830225;0.0690041144017381;0;-0.139448576691043;0.0527306300650541;0;-0.0388042101953323;0.205472949388245;0;-0.15759526764359;0.0848677724184457;0;-0.125442549032231;0.0859555139938386;0;-0.0239841618954215;0.127446089243119;0
70.25;-0.193220564695388;0.06967162195468;0;-0.141191299116493;0.0532348597485193;0;-0.0390989362391418;0.207584138364052;0;-0.159871613849713;0.08599994590891;0;-0.127260832089766;0.0871294232955537;0;-0.0241494278884788;0.128810350578378;0
70.5;-0.195626000134633;0.070337076251767;0;-0.142930126024616;0.0537375655483685;0;-0.039392729627215;0.209690322641793;0;-0.162144764358363;0.087128969198454;0;-0.129075437842802;0.0883001733435611;0;-0.0243143376972572;0.130171927973526;0
70.75;-0.198026810043768;0.0710004843047765;0;-0.144665030617757;0.0542387521114818;0;-0.0396855679265326;0.211791460376237;0;-0.164414632418477;0.0882548440681892;0;-0.130886328453103;0.0894677642711652;0;-0.0244788772520949;0.13153075139314;0
71.0;-0.200422930987767;0.0716618531308879;0;-0.146395986928106;0.0547384241004545;0;-0.0399774301700019;0.213887510520039;0;-0.166681133291792;0.0893775724864707;0;-0.132693467123111;0.0906321964326589;0;-0.0246430335567567;0.132886752280794;0
71.25;-0.202814301162684;0.0723211897459992;0;-0.148122969798258;0.0552365861879565;0;-0.0402682977776603;0.215978435578537;0;-0.16894418420941;0.0904971566035475;0;-0.134496818072453;0.0917934703973138;0;-0.0248067949374585;0.13423986454339;0
71.5;-0.20520086036152;0.0729785011659825;0;-0.149845954863416;0.0557332430576214;0;-0.0405581557573476;0.21806420223863;0;-0.171203704329962;0.0916135987445115;0;-0.136296346515223;0.0929515869419351;0;-0.0249701518176776;0.135590027203367;0
71.75;-0.207582549939527;0.0736337944047722;0;-0.1515649185335;0.0562283994023298;0;-0.0408469904969307;0.22014477790064;0;-0.173459614702475;0.0927269014077958;0;-0.138092018640345;0.094106547048235;0;-0.0251330961910433;0.136937181765734;0
72.0;-0.209959312779883;0.0742870764724488;0;-0.153279837975338;0.056722059922514;0;-0.0411347901457435;0.222220129574558;0;-0.175711838225986;0.0938370672605586;0;-0.139883801589754;0.0952583518975589;0;-0.0252956211641708;0.138281271340959;0
72.25;-0.212331093264426;0.0749383543787101;0;-0.154990691097545;0.0572142293287967;0;-0.041421545361499;0.224290224554354;0;-0.177960299607582;0.0949440991281192;0;-0.141671663435304;0.0964070028604913;0;-0.0254577200217014;0.139622241893817;0
72.5;-0.214697837238619;0.0755876351280678;0;-0.156697456532404;0.0577049123379743;0;-0.041707249930713;0.226355033519072;0;-0.180204925329347;0.0960479999948762;0;-0.143455573161566;0.09755250149644;0;-0.0256193824717245;0.140960046726323;0
72.75;-0.217059491979178;0.0762349257166413;0;-0.15840011361929;0.0581941136702508;0;-0.0419918993579115;0.228414528396677;0;-0.182445643610087;0.0971487729991347;0;-0.145235500645041;0.0986948495479294;0;-0.0257805978277799;0.142294641662928;0
73.0;-0.21941600616984;0.0768802331414435;0;-0.160098642391814;0.0586818380566423;0;-0.0422754902251995;0.230468682639776;0;-0.18468238436944;0.0982464214278391;0;-0.147011416634859;0.0998340489348946;0;-0.0259413560775078;0.143625983304893;0
73.25;-0.221767329864074;0.077523564387556;0;-0.161793023558973;0.0591680902284202;0;-0.0425580192921569;0.232517471056445;0;-0.186915079192184;0.0993409487111241;0;-0.148783292733533;0.100970101748841;0;-0.0261016476033015;0.144954030127276;0
73.5;-0.224113414460415;0.0781649264349875;0;-0.163483238492143;0.059652874922554;0;-0.0428394823639202;0.234560872137039;0;-0.189143661294384;0.100432358419772;0;-0.150551101378833;0.102103010249505;0;-0.0262614629373439;0.146278747019788;0
73.75;-0.226454212673373;0.0788043262558948;0;-0.16516926921023;0.0601361968792855;0;-0.0431198758999786;0.236598866528086;0;-0.191368065491178;0.101520654262394;0;-0.152314815826641;0.103232776861325;0;-0.0264207940121725;0.147600102458774;0
74.0;-0.228789678505064;0.0794417708143134;0;-0.16685109836491;0.060618060841825;0;-0.0433991975547985;0.238631436659504;0;-0.193588228161433;0.102605840077694;0;-0.154074410131692;0.104359404165715;0;-0.0265796336915084;0.148918067207003;0
74.25;-0.231119767217599;0.0800772670641008;0;-0.168528709226559;0.0610984715545209;0;-0.0436774461450655;0.240658567127547;0;-0.195804087217549;0.103687919834031;0;-0.155829859131602;0.105482894899617;0;-0.026737974847866;0.150232613606246;0
74.5;-0.233444435307506;0.0807108219499595;0;-0.170202085670971;0.0615774337635622;0;-0.0439546221686079;0.242680246295773;0;-0.198015582073239;0.104766897623694;0;-0.157581138429483;0.106603251949545;0;-0.0268958068696659;0.151543718427468;0
74.75;-0.23576364047898;0.0813424424059077;0;-0.17187121216562;0.0620549522156226;0;-0.0442307266764178;0.244696464455651;0;-0.200222653612757;0.105842777658939;0;-0.159328224377461;0.107720478347184;0;-0.027053118921449;0.152851360846697;0
75.0;-0.238077341619533;0.0819721353562581;0;-0.173536073757099;0.0625310316585221;0;-0.0445057613727244;0.246707211939802;0;-0.202425244165074;0.106915564277888;0;-0.161071094063391;0.108834577273429;0;-0.027209901085813;0.154155520989772;0
75.25;-0.240385498773655;0.0825999077126547;0;-0.17519665605764;0.0630056768387013;0;-0.0447797282062212;0.248712479439174;0;-0.204623297462835;0.107985261916616;0;-0.162809725287358;0.1099455520335;0;-0.0273661451842899;0.155456180195225;0
75.5;-0.242688073118931;0.0832257663744391;0;-0.176852945232806;0.0634788925014045;0;-0.0450526283027193;0.250712260618003;0;-0.206816758631462;0.109051875139817;0;-0.1645440965581;0.111053406082269;0;-0.0275218468204242;0.156753320818835;0
75.75;-0.244985026944269;0.0838497182308438;0;-0.178504927990213;0.0639506833923249;0;-0.0453244625667102;0.252706550175074;0;-0.20900557413675;0.110115408597138;0;-0.166274187062088;0.1121581429859;0;-0.0276770027173652;0.158046925701786;0
76.0;-0.247276323620769;0.0844717701521958;0;-0.180152591564839;0.0644210542503829;0;-0.0455952321533999;0.254695342715205;0;-0.211189691789031;0.111175867068185;0;-0.16799997666941;0.113259766459527;0;-0.0278316097839092;0.159336978316754;0
76.25;-0.249561927587887;0.0850919290021093;0;-0.181795923711523;0.064890009817463;0;-0.0458649395540094;0.256678631625686;0;-0.213369060687848;0.112233255416377;0;-0.169721445900956;0.114358280326815;0;-0.0279856653684162;0.160623464680142;0
76.5;-0.251841804324396;0.0857102016273048;0;-0.183434912690382;0.0653575548300711;0;-0.046133591190343;0.258656407491359;0;-0.21554363120978;0.113287578608103;0;-0.171438575923524;0.115453688535497;0;-0.0281391658836964;0.161906378214739;0
76.75;-0.254115920328992;0.086326594860727;0;-0.185069547256724;0.0658236940217529;0;-0.0464011945614043;0.260628660821602;0;-0.217713354978109;0.114338841702025;0;-0.173151348533089;0.116545995147356;0;-0.0282921079803348;0.163185714411472;0
77.0;-0.256384243096397;0.0869411155170237;0;-0.186699816648904;0.0662884321192865;0;-0.0466677578655947;0.262595383817255;0;-0.219878184842269;0.115387049853637;0;-0.174859746144486;0.117635204341344;0;-0.0284444892569136;0.164461469209881;0
77.25;-0.258646741102774;0.0875537704014451;0;-0.188325710580681;0.0667517738498447;0;-0.0469332897534973;0.264556570263269;0;-0.222038074845786;0.116432208300187;0;-0.176563751773287;0.118721320399798;0;-0.0285963091956154;0.165733638738869;0
77.5;-0.260903383778182;0.0881645662987809;0;-0.189947219227296;0.0672137239318698;0;-0.047197799017353;0.266512216842965;0;-0.224192980211665;0.117474322374026;0;-0.178263349029262;0.11980434771912;0;-0.0287475704164347;0.167002219025012;0
77.75;-0.263154141491682;0.0887735099807059;0;-0.191564333217697;0.0676742870809526;0;-0.04746129471115;0.268462321820518;0;-0.226342857308838;0.118513397483734;0;-0.179958522097323;0.120884290792827;0;-0.0288982762337668;0.168267206448899;0
78.0;-0.265398985528142;0.0893806081996198;0;-0.193177043622807;0.0681334680047296;0;-0.0477237858119449;0.27040688401258;0;-0.228487663635931;0.119549439121533;0;-0.181649255729612;0.121961154217133;0;-0.0290484301860069;0.169528597560204;0
78.25;-0.267637888073777;0.089985867695449;0;-0.194785341947931;0.0685912714082937;0;-0.0479852805944903;0.272345904590208;0;-0.230627357796246;0.120582452858421;0;-0.183335535232013;0.123034942686058;0;-0.0291980360098838;0.170786389544887;0
78.5;-0.269870822191123;0.0905892951852811;0;-0.196389220120354;0.0690477019856963;0;-0.0482457868402815;0.274279389309153;0;-0.232761899475538;0.121612444339948;0;-0.185017346452277;0.124105660987086;0;-0.0293470982299256;0.172040582150041;0
78.75;-0.272097761807151;0.0911908973735329;0;-0.197988670482744;0.0695027644280934;0;-0.0485053127828824;0.276207344424742;0;-0.234891249422168;0.122639419288595;0;-0.186694675769676;0.125173314002464;0;-0.0294956215855968;0.173291176004729;0
79.0;-0.274318681689413;0.091790680941465;0;-0.199583685781564;0.0699564634151457;0;-0.0487638667474896;0.278129775973699;0;-0.237015369420908;0.123663383491191;0;-0.18836751008053;0.126237906697784;0;-0.0296436109264115;0.174538171766474;0
79.25;-0.276533557436872;0.0923886525609423;0;-0.201174259161586;0.0704088036260873;0;-0.0490214575698391;0.280046689339691;0;-0.239134222278468;0.124684342808594;0;-0.190035836791285;0.127299444129565;0;-0.0297910716846267;0.175781570441484;0
79.5;-0.278742365452947;0.0929848188782563;0;-0.202760384152961;0.0708597897265066;0;-0.0492780962620154;0.28195808697556;0;-0.24124777180044;0.125702303167673;0;-0.191699643805908;0.128357931437737;0;-0.0299380103805686;0.177021374277377;0
79.75;-0.280945082935579;0.0935791865228883;0;-0.20434205466595;0.0713094263753677;0;-0.0495337941658914;0.283863970682323;0;-0.243355982769286;0.126717270557065;0;-0.19335891951401;0.129413373841355;0;-0.0300844337629432;0.178257586035921;0
80.0;-0.283141687857251;0.0941717621062776;0;-0.205919264980206;0.071757718223928;0;-0.0497885625529333;0.285764342394498;0;-0.245458820927476;0.12772925102781;0;-0.195013652782189;0.130465776638519;0;-0.0302303487940527;0.179490208814074;0
80.25;-0.28533215895127;0.0947625522193714;0;-0.207492009738585;0.0722046699136427;0;-0.0500424126482633;0.287659205922665;0;-0.247556252959267;0.128738250693831;0;-0.19666383294453;0.131515145206166;0;-0.0303757628094659;0.180719246803078;0
80.5;-0.287516475695133;0.0953515634352591;0;-0.209060283938086;0.0726502860782423;0;-0.050295355147759;0.289548572997882;0;-0.249648246467617;0.129744275722067;0;-0.198309449789789;0.132561484991008;0;-0.0305206829923641;0.181944707134999;0
80.75;-0.289694618294465;0.0959388023060497;0;-0.210624082921967;0.0730945713410889;0;-0.050547400411433;0.291432458730665;0;-0.251734769960867;0.130747332339029;0;-0.199950493555024;0.133604801514572;0;-0.0306651166093099;0.183166597760158;0
81.0;-0.291866567668876;0.0965242753645963;0;-0.212183402372453;0.0735375303165113;0;-0.0507985578992353;0.293310880163877;0;-0.253815792831151;0.131747426822481;0;-0.20158695491369;0.134645100365496;0;-0.0308090709926876;0.184384926861061;0
81.25;-0.294032305436888;0.0971079891232043;0;-0.213738238303135;0.0739791676086528;0;-0.0510488368349564;0.295183854847686;0;-0.255891285415611;0.1327445655208;0;-0.203218825014442;0.135682387217316;0;-0.0309525530924178;0.18559970339369;0
81.5;-0.296191813900833;0.0976899500744968;0;-0.215288587051194;0.0744194878121194;0;-0.0512982459031631;0.29705140193247;0;-0.257961216166265;0.133738754272733;0;-0.204846093760084;0.136716667264047;0;-0.0310955682032139;0.186810937951886;0
81.75;-0.298345076036405;0.0982701646902793;0;-0.216834445272324;0.0748584955109506;0;-0.0515467934645412;0.298913540831082;0;-0.260025560786076;0.134730000272644;0;-0.206468755368805;0.137747947035209;0;-0.0312381212218121;0.188018641413539;0
82.0;-0.300492075469968;0.0988486394222627;0;-0.218375809928819;0.0752961952791538;0;-0.0517944874670604;0.300770291292166;0;-0.262084298152637;0.135718311238865;0;-0.208086805894753;0.13877623358634;0;-0.0313802170027436;0.189222824625396;0
82.25;-0.302632798515017;0.0994253808513443;0;-0.219912679388562;0.0757325917969653;0;-0.0520413355912793;0.302621673804343;0;-0.264137422077932;0.136703697812641;0;-0.209700250385831;0.139801536833664;0;-0.0315218603123958;0.190423498771791;0
82.5;-0.304767258098018;0.100000397475619;0;-0.221445066329878;0.0761676912457137;0;-0.05228734532247;0.304467707094098;0;-0.266184957368807;0.137686176820968;0;-0.211309112658334;0.140823872731349;0;-0.0316630559348733;0.191620676362548;0
82.75;-0.30689548692262;0.100573699196379;0;-0.222972994055247;0.0766015009065919;0;-0.0525325240476272;0.306308409130886;0;-0.268226925322027;0.138665764264989;0;-0.212913414300656;0.141843256443721;0;-0.031803808746707;0.192814370132821;0
83.0;-0.309017518186954;0.101145295885269;0;-0.224496486091297;0.0770340280429453;0;-0.0527768790696216;0.308143797837834;0;-0.270263347155536;0.13964247601245;0;-0.214513176762299;0.142859703020069;0;-0.0319441236606663;0.194004592759264;0
83.25;-0.311133384584727;0.101715197314159;0;-0.226015565650327;0.0774652798456046;0;-0.0530204177273244;0.309973891120942;0;-0.27229424399423;0.140616327801669;0;-0.216108421346718;0.143873227397534;0;-0.0320840054682002;0.195191357235333;0
83.5;-0.313243118501582;0.102283413163125;0;-0.227530255736902;0.0778952634387977;0;-0.0532631476976816;0.311798706687302;0;-0.274319636880469;0.141587335242678;0;-0.217699169218795;0.144883844402236;0;-0.0322234583986926;0.196374677810717;0
83.75;-0.315346752131596;0.102849953036424;0;-0.229040579210869;0.0783239858927489;0;-0.053505076787486;0.313618261928477;0;-0.276339546771437;0.142555513819788;0;-0.219285441404466;0.145891568751287;0;-0.0323624864830593;0.197554568980679;0
84.0;-0.317444317419868;0.103414826455633;0;-0.230546558756892;0.0787514542181447;0;-0.0537462128205992;0.315432574087843;0;-0.278353994537703;0.143520878891362;0;-0.220867258791007;0.14689641505247;0;-0.0325010935885934;0.198731045148959;0
84.25;-0.319535846063552;0.103978042861752;0;-0.232048216885369;0.0791776753677362;0;-0.0539865637603683;0.317241660128282;0;-0.280363000964012;0.144483445691339;0;-0.222444642128643;0.147898397805453;0;-0.0326392835918352;0.199904120659574;0
84.5;-0.321621369515693;0.104539611616319;0;-0.233545575934915;0.079602656237155;0;-0.0542261380671089;0.319045536271864;0;-0.282366586746528;0.145443229328036;0;-0.224017612029927;0.14889753140065;0;-0.0327770608755963;0.201073809806423;0
84.75;-0.323700918986006;0.1050995420002;0;-0.235038658073222;0.0800264036638214;0;-0.0544649444683943;0.320844218928135;0;-0.284364772500533;0.146400244794786;0;-0.22558618897582;0.149893830128251;0;-0.0329144300339668;0.202240126716659;0
85.0;-0.325774525445077;0.105657843216916;0;-0.236527485299622;0.0804489244295519;0;-0.0547029916995347;0.322637724702252;0;-0.286357578750467;0.147354506957911;0;-0.227150393310335;0.150887308167809;0;-0.0330513956558343;0.203403085407291;0
85.25;-0.327842219626785;0.106214524394058;0;-0.238012079446746;0.0808702252616211;0;-0.0549402883025554;0.324426070916091;0;-0.288345025939027;0.148306030571057;0;-0.228710245247514;0.151877979600425;0;-0.0331879619866021;0.204562700157898;0
85.5;-0.32990403202901;0.106769594580775;0;-0.239492462181438;0.0812903128306144;0;-0.0551768419680908;0.326209278201951;0;-0.29032713441676;0.149254830262504;0;-0.230265764865802;0.152865858397796;0;-0.0333241315913573;0.205718986419693;0
85.75;-0.331959992916996;0.107323062750449;0;-0.240968655006862;0.0817091937525136;0;-0.0554126601089809;0.327987367970363;0;-0.292303924452213;0.150200920548399;0;-0.231816972115531;0.153850958433447;0;-0.0334599065868271;0.206871959850001;0
86.0;-0.334010132327244;0.107874937804428;0;-0.242440679264806;0.0821268745916457;0;-0.0556477501697668;0.329760361489734;0;-0.294275416231931;0.151144315836529;0;-0.233363886820056;0.15483329348589;0;-0.03359528915167;0.208021636036706;0
86.25;-0.336054480066091;0.108425228565977;0;-0.243908556135663;0.0825433618556637;0;-0.0558821195965432;0.331528279720295;0;-0.296241629851176;0.152085030412939;0;-0.234906528670727;0.15581287722708;0;-0.0337302816818917;0.209168030615207;0
86.5;-0.338093065714613;0.108973943788034;0;-0.245372306640597;0.0829586620017406;0;-0.0561157757903847;0.333291142987847;0;-0.298202585312056;0.15302307843897;0;-0.236444917226633;0.156789723219784;0;-0.0338648868478785;0.210311159159156;0
86.75;-0.340125918633161;0.109521092151732;0;-0.246831951645811;0.0833727814353751;0;-0.0563487261560369;0.335048971293073;0;-0.300158302545189;0.153958473987185;0;-0.237979071929651;0.15776384494829;0;-0.0339991073737342;0.211451037130877;0
87.0;-0.342153067961616;0.110066682265593;0;-0.248287511862724;0.0837857265096211;0;-0.0565809780494602;0.336801784489024;0;-0.302108801391245;0.15489123101301;0;-0.239509012093437;0.158735255794033;0;-0.0341329460520581;0.212587680025365;0
87.25;-0.344174542619557;0.110610722667309;0;-0.249739007847346;0.0841975035263731;0;-0.0568125385386573;0.338549603393222;0;-0.304054101600405;0.155821363354959;0;-0.241034756903993;0.159703969035719;0;-0.0342664058200448;0.213721103270277;0
87.5;-0.346190371304461;0.111153221824216;0;-0.251186459998173;0.0846081187365615;0;-0.0570434138278751;0.340292452889156;0;-0.305994222840209;0.156748884748175;0;-0.242556325425715;0.160669997860847;0;-0.0343994899261947;0.214851321847535;0
87.75;-0.348200582497935;0.111694188134369;0;-0.252629888561421;0.0850175783410581;0;-0.0572736098574445;0.342030358709584;0;-0.307929184693009;0.157673808821164;0;-0.244073736600638;0.161633355362847;0;-0.0345322017418106;0.215978350582666;0
88.0;-0.350205204469214;0.112233629927404;0;-0.254069313633709;0.0854258884913304;0;-0.0575031324998814;0.343763346389735;0;-0.309859006655262;0.158596149095525;0;-0.245587009248876;0.162594054540793;0;-0.0346645446819337;0.217102204234209;0
88.25;-0.352204265281422;0.112771555465805;0;-0.255504755167278;0.0858330552905091;0;-0.0577319874489224;0.345491441444017;0;-0.311783708138281;0.159515918988173;0;-0.247096162069992;0.163552108301228;0;-0.0347965218238312;0.218222897656839;0
88.5;-0.354197792806078;0.113307972947213;0;-0.256936232982525;0.086239084795525;0;-0.057960179905503;0.34721466985966;0;-0.313703308468638;0.160433131812942;0;-0.248601213644145;0.16450752945947;0;-0.0349281350540274;0.219340446340103;0
88.75;-0.356185814712315;0.11384289050353;0;-0.258363766757977;0.0866439830159507;0;-0.0581877149119865;0.348933057578361;0;-0.315617826888076;0.161347800781146;0;-0.250102182432872;0.165460330740044;0;-0.0350593859678998;0.220454865838354;0
89.0;-0.358168358464706;0.11437631620109;0;-0.259787376027944;0.0870477559139555;0;-0.0584145974573137;0.350646630335485;0;-0.317527282552311;0.162259939000051;0;-0.251599086779132;0.16641052477535;0;-0.0351902762101826;0.221566171603269;0
89.25;-0.360145451270236;0.114908258034313;0;-0.261207080134747;0.0874504093975719;0;-0.0586408323255816;0.352355413781;0;-0.319431694533861;0.163169559479869;0;-0.253091944910116;0.167358124111467;0;-0.0353208075081334;0.22267437909492;0
89.5;-0.362117119938357;0.115438723908163;0;-0.262622898103274;0.0878519493025085;0;-0.0588664236715117;0.354059433811917;0;-0.32133108182868;0.164076675131172;0;-0.254580774940843;0.168303141206958;0;-0.0354509813221744;0.223779504125819;0
89.75;-0.364083391495164;0.115967721717147;0;-0.264034849189491;0.0882523814729359;0;-0.0590913755349799;0.355758716140212;0;-0.323225463306301;0.164981298758778;0;-0.25606559485075;0.169245588421907;0;-0.0355807991015878;0.224881562481869;0
90.0;-0.366044293219534;0.116495259350392;0;-0.265442952912375;0.0886517117664762;0;-0.0593156919796951;0.357453286189221;0;-0.325114857843277;0.165883443083405;0;-0.25754642254954;0.170185478051448;0;-0.0357102623759603;0.225980569854586;0
90.25;-0.367999851889444;0.117021344595923;0;-0.266847228379868;0.0890499459557716;0;-0.05953937705554;0.359143169116217;0;-0.32699928430403;0.166783120740018;0;-0.259023275868742;0.171122822322087;0;-0.0358393727180476;0.227076541858838;0
90.5;-0.369950092831429;0.117545985020035;0;-0.268247693438877;0.0894470896044672;0;-0.0597624348598423;0.360828389645711;0;-0.328878761201835;0.167680344230644;0;-0.260496172397657;0.172057633312606;0;-0.035968131573304;0.228169493992604;0
90.75;-0.371895040884615;0.118069188090468;0;-0.269644365536616;0.0898431481934263;0;-0.0599848694721217;0.362508972250299;0;-0.330753306900299;0.168575125953452;0;-0.261965129582068;0.172989923001885;0;-0.0360965403490819;0.229259441635993;0
91.0;-0.373834720719511;0.118590961217397;0;-0.271037262005203;0.0902381271626076;0;-0.0602066849331963;0.364184941210809;0;-0.332622939683159;0.169467478213429;0;-0.263430164758931;0.173919703285949;0;-0.0362246004454572;0.230346400052645;0
91.25;-0.375769157759464;0.119111311871088;0;-0.272426400884996;0.0906320320316498;0;-0.0604278852900356;0.365856320612063;0;-0.334487677901027;0.170357413243414;0;-0.264891295228386;0.174846986012678;0;-0.0363523132719633;0.231430384470237;0
91.5;-0.377698380911912;0.119630247929831;0;-0.27381180336566;0.0910248687568576;0;-0.0606484747358995;0.367523134325161;0;-0.336347540406424;0.17124494326463;0;-0.266348538465767;0.175771783083311;0;-0.0364796803001819;0.232511410331305;0
91.75;-0.37962241975776;0.120147777322696;0;-0.275193491273459;0.0914166433642598;0;-0.0608684574710971;0.369185406029121;0;-0.338202546105968;0.172130080426174;0;-0.267801911904908;0.176694106349381;0;-0.0366067030112127;0.233589493044666;0
92.0;-0.38154130362666;0.120663907912249;0;-0.276571486244295;0.0918073618290161;0;-0.0610878376546307;0.370843159219683;0;-0.340052713813016;0.173012836785696;0;-0.269251432867289;0.177613967579248;0;-0.0367333828773458;0.234664647899298;0
92.25;-0.383455060234828;0.121178647321607;0;-0.277945808505743;0.0921970298976789;0;-0.0613066193105721;0.372496417359319;0;-0.341898061726761;0.173893224238953;0;-0.270697118309847;0.178531378338167;0;-0.0368597213898116;0.235736890126188;0
92.5;-0.385363711637096;0.121692002419745;0;-0.279316473258287;0.092585652559618;0;-0.0615248060444469;0.374145204326168;0;-0.34373860588566;0.174771254308961;0;-0.272138984074683;0.179446349630836;0;-0.0369857201424012;0.23680623508249;0
92.75;-0.38726727840119;0.122203979853005;0;-0.280683494406347;0.0929732345924896;0;-0.0617424013338856;0.375789543959328;0;-0.345574361760967;0.175646938364959;0;-0.273577045663567;0.180358892271039;0;-0.0371113807461987;0.237872698065923;0
93.0;-0.38916578098457;0.12271458622066;0;-0.282046885788688;0.0933597807422808;0;-0.0619594086263112;0.377429459907758;0;-0.347405344781942;0.176520287695127;0;-0.275011318493663;0.181269017003904;0;-0.0372367048010596;0.238936294253401;0
93.25;-0.39105923973505;0.123223828075345;0;-0.28340666117866;0.0937452957235796;0;-0.0621758313392829;0.3790649756323;0;-0.349231572245362;0.177391313768762;0;-0.276441818825443;0.182176734948679;0;-0.0373616938916727;0.239997038693717;0
93.5;-0.392947674891445;0.123731711923501;0;-0.284762834284447;0.0941297842198461;0;-0.0623916728608371;0.380696114407661;0;-0.351053068983482;0.178260029012911;0;-0.277868566515643;0.183082058911763;0;-0.0374863495756546;0.241054946283323;0
93.75;-0.394831106584201;0.1242382442258;0;-0.286115418749326;0.0945132508836781;0;-0.0626069365498232;0.382322899324387;0;-0.35286986152817;0.179126446014357;0;-0.27929158218411;0.18398500203605;0;-0.0376106733960077;0.242110031793789;0
94.0;-0.396709554836022;0.124743431397573;0;-0.287464428151917;0.0948957003370765;0;-0.0628216257362338;0.383945353290799;0;-0.354681976188084;0.179990577257209;0;-0.280710886280792;0.184885577356319;0;-0.0377346668852918;0.243162309881667;0
94.25;-0.398583039562505;0.125247279809234;0;-0.288809876006445;0.0952771371717047;0;-0.0630357437215313;0.385563499034906;0;-0.356489432037835;0.180852434164023;0;-0.282126495682032;0.185783796176478;0;-0.0378583315820642;0.244211795066027;0
94.5;-0.400451580572769;0.125749795786687;0;-0.290151775762991;0.0956575659491494;0;-0.0632492937789693;0.387177359106297;0;-0.358292220103122;0.181712024247386;0;-0.283538413583864;0.18667966325048;0;-0.0379816690798735;0.24525850165887;0
94.75;-0.402315197570076;0.126250985611748;0;-0.291490140807763;0.0960369912011751;0;-0.0634622791539095;0.388786955878005;0;-0.360090324788105;0.182569354043687;0;-0.284946639907423;0.187573181744424;0;-0.0381046809772176;0.246302443838839;0
95.0;-0.404173910152451;0.126750855522545;0;-0.292824984463346;0.0964154174299776;0;-0.0636747030641356;0.390392311548343;0;-0.361883730937116;0.183424430080473;0;-0.286351174728612;0.188464354872264;0;-0.0382273688609845;0.247343635676455;0
