0.272316527621916,-0.173096962834929,0.236881830673027,-0.211309969985536,0.240713852303192,-0.247297460327299,0.281755162964904,-0.27811198361927,0.301311483121706,-0.292848208794879,0.298488404647288,-0.275121667735538,0.26145951827789,-0.22017524970927,0.18361112808487,-0.123030230001849,0.0716604048452945,-0.0130040123468256,-0.01869714255713,0.0402156902314612,-0.0319139690334449,0.0160723172291457,0.0104911497345004,-0.0257123774884771,0.032555990612662,-0.0221354882381419,0.00607372029088189,0.0112644575067126,-0.0144045654651647,0.00753642109897847,0.00726756969614688,-0.015310876979653,0.0155260806398346,-0.00522504542145507,-0.00375990190080489,0.00815422755793433,-0.00292096827149047,-0.00403715843876729,0.00960223466454647,-0.00753171713669827,0.00242580532496812,0.00341111962183955,-0.00306516894709134,-0.000806090017222178,0.00575524291174264,-0.00658694207745871,0.00371326053351255,-0.000387367047382255,-0.00111959191482226,-0.00129779777370488,0.0029958362899046,-0.00434110604848988,0.00159362701813957,-0.000161588045713172,-0.00163608207084134
-0.649660790781989,0.17796147229911,-0.333360464748576,0.16128030818685,-0.171081348613879,0.0611400408784821,-0.0576471304604331,-0.0561447374228775,0.061649440351077,-0.149012475485287,0.149356623563524,-0.22205480677908,0.224121143008406,-0.269311851036762,0.233028260672295,-0.21888028592965,0.129704758477025,-0.0671263440085646,-0.0271441892745337,0.0538088272620641,-0.0793518939176906,0.0552952595964444,-0.025109700443633,-0.0280797485100999,0.0534108406375589,-0.0487978201668805,0.0131337300878503,0.0190324943185308,-0.038795094835752,0.0278068359565787,-0.00259301239408853,-0.0242031514087999,0.0264755834044625,-0.0129989227088998,-0.0103296484313135,0.0198270772039958,-0.0163555837500929,-0.000843191243711456,0.012617056758224,-0.0144586143837769,0.00205153332645478,0.00893367142930024,-0.0129921955550299,0.00440288551041001,0.00575164937182589,-0.0113940396922141,0.00690844068376576,-0.000189487816799878,-0.00352825158042362,-0.000478886336811345,0.00590364610360061,-0.00963515788541402,0.00641339591769348,-0.00213766857410562,-0.0027060709180788
0.441015355210432,0.260031466081489,0.0549581003059869,0.0984776030317993,0.0376070358932271,0.088694645270642,-0.0789987857501376,0.230412980679197,-0.219725183744218,0.276308419953054,-0.123457298346638,0.0458348370585758,0.140079898469931,-0.210006856208958,0.333091460416,-0.313947431385776,0.309765757538171,-0.180676000892846,0.0738537907155196,0.0944406811314747,-0.147460286723149,0.147269064208388,-0.0534069907006545,-0.0345618098385586,0.103307985708347,-0.107278172617413,0.0541976807916927,0.0279231747858795,-0.0744469457079946,0.0636249809345503,-0.00642518690180506,-0.0455708370596312,0.0675295466206708,-0.0348460065596964,-0.0115835312144554,0.0411792504193395,-0.0278234148776913,-0.00761816077832528,0.0374094023276097,-0.0327085873530726,0.0109636300635471,0.0156298143396012,-0.0189282571765928,0.00328698918478031,0.0189343831433757,-0.0237588014149986,0.0147596732178072,-0.000613032721132678,-0.00572600432899063,0.000636705960611445,0.00901880289994776,-0.0159173480925087,0.0104366232992908,-0.00333698036411608,-0.00507301153677555
-0.401705468285417,-0.260797835120767,0.086691799826388,-0.331389175897673,0.242968514421653,-0.343298310463561,0.17228404578093,-0.10200802923957,-0.116926037185386,0.156442027064081,-0.308766789322082,0.239827541182373,-0.214014426197308,0.0318777960023387,0.0382595082014672,-0.187254354836254,0.180520065525942,-0.194105095463038,0.0769509810631485,-0.0204452732613165,-0.095191349842766,0.128647470695875,-0.126811096284156,0.0252702579960425,0.0634394212954435,-0.10516332946253,0.0620716262201175,0.00876153359502588,-0.0762356620693736,0.0756880179518714,-0.0275685828354241,-0.0371196857109914,0.0543512200511717,-0.0305342430946106,-0.0190321168307316,0.0403483076789702,-0.0350303947944842,0.0041879831837226,0.0139978970730263,-0.0223959328298467,0.00278608478519496,0.0143983799550309,-0.0258665966624735,0.0137138363564523,0.00202353899396413,-0.018568129686085,0.0131587804037352,-0.00276546284379263,-0.00854296223365351,0.00177124660836641,0.00804153273741667,-0.021281896580573,0.0134815399966044,-0.00533712071466216,-0.0104971310733085
0.0893460380851733,0.00732744412586964,0.0454849079786072,0.43067518019074,-0.239552143815941,0.127815364223465,0.207956725734715,-0.293322135690285,0.344392759308394,-0.116226601824755,0.0480816999286573,0.202537490156309,-0.214499767635475,0.240947071448854,0.00137507495839163,-0.0690121143474368,0.234893906228148,-0.194468256674398,0.236308129424196,-0.115920332435756,0.0845920524178314,0.0779241216061927,-0.171241320673311,0.129224083370357,0.022501820766607,-0.141176016166378,0.136404631107081,-0.0501100168636805,-0.032896320904039,0.0730319410335248,-0.0342552710033614,0.0115159979720498,0.0349302901766752,-0.0619715371611202,0.0573471120970021,-0.0103707488083328,-0.0370833061557299,0.0603316467766009,-0.0173415490379994,-0.0307550082773781,0.0683304341374362,-0.0276413954660341,-0.0340933987275624,0.0480345145412763,0.00308079213795869,-0.0508226373131099,0.0682984003822801,-0.0455746256766105,0.00877425186076555,-0.00280721117777146,0.0323876647600162,-0.0714877191341643,0.0730585989992291,-0.0418848385880222,-0.00623985330101866
-0.0988413836085363,0.702447311013444,-0.0833684434504471,0.0528032702095013,0.463086458608389,-0.202835765416625,0.282613174331789,-0.0322338854295766,0.0848514046834289,0.141545621442776,0.0419160422151623,0.0497587465158822,0.0538043673403335,0.128463395723754,-0.0370030035492707,0.190299914176563,-0.0182142788569582,0.0316400349714013,0.135913381367706,-0.0113322972635509,0.0923769844479057,-0.0607237132325585,0.0611749930185659,-0.00785846854568553,-0.0162861921823994,0.015874558121254,0.0216930514519321,-0.0422638773795188,0.0602746370128158,-0.0110332281193028,0.0265120504343364,0.0241386585180848,0.00933771277318909,-0.0299576820512797,0.0390281127322368,-0.0059345457161493,0.0266907408221756,-0.0113940006357472,0.0303939126157484,0.00971380217294289,0.00746138391065626,-0.00594086706307358,0.0268984794956489,-0.0397000804664859,0.0453832391644657,-0.0109799534949539,-0.00223343038131238,-0.025196153764848,0.0411291821623944,-0.0468864048214779,0.0342875371693049,-0.0277524405867227,0.0343329298510516,-0.0286804992532862,0.0297640975253901
0.115938706310624,0.129083197358351,-0.130655929063088,0.182303330158512,-0.080139037136134,-0.128669781915271,0.144454340188299,-0.308093842357475,0.00936200158226316,0.0125062478949674,-0.0935688639316478,0.0721524834644556,-0.150459380804267,0.0439683921622764,-0.0869678109269911,0.00870812175713037,-0.157692647916048,0.233830968550884,-0.385309264340841,0.368867922786451,-0.332777574978899,0.165445589584811,-0.0557104285752783,-0.0850553480336775,0.10103360938603,-0.050132947866533,-0.0708709874850407,0.197994890157565,-0.215304623414855,0.099167813741469,0.00926647957977578,-0.122841067611217,0.0254757876645853,0.0645468693861776,-0.143759484435354,0.132128756518458,-0.0584459346905019,-0.00110702989608221,-0.0262965005558726,-0.00567270132545237,-0.0944658383369591,0.098773921787099,-0.0701578327406694,0.0257549193217132,-0.0343180739027967,0.0110890610073094,-0.0670718295734955,0.0527933944547973,-0.0572509435543516,-0.0101724764233477,-0.00423401825983821,0.00859121539134926,-0.0590962728540561,0.0489643016382283,-0.0654070454855882
-0.0642860186971221,-0.141635579745559,0.0799602097157888,-0.00668314657304877,0.0244454669840108,0.0902634400197123,-0.017480474113324,0.16096281216852,0.0579678500513325,0.00483883088636778,0.0445191648514198,0.0545428627232872,0.0395230671643331,0.0319670275218524,0.0520077665046209,0.126692555902502,-0.0380192461305393,0.145668098676915,-0.0549259052389963,0.153581355475834,-0.0391752274708518,-0.00853677793291503,0.042973994897505,-0.113253656776851,0.1398678720042,-0.106565152009034,-0.0122425995669111,0.0698625696973832,-0.0579788434695347,0.0442712285411554,0.0880160821057759,-0.0586029738844532,0.0767990050729371,-0.0557847186318772,-0.0140601740696858,0.0546530463102343,-0.0193527517460636,-0.01427628344856,0.0854695090149234,-0.0253038956769343,0.0380266230466445,0.0174510159489875,-0.00170919362007019,-0.0966077321842466,0.205817878196644,-0.206211972234453,0.188222413614768,-0.211329449708728,0.25540948954319,-0.302693227290532,0.364346744590603,-0.365424586782386,0.329996653508425,-0.197503828929973,0.137488042584028
0.216411576307034,0.151555376885176,-0.259192526786201,-0.0628272344925108,-0.145173257897964,-0.296873733100806,-0.148216323608658,-0.33776633663145,-0.316632082277569,-0.143013590374291,-0.169901749563845,-0.260549917914698,-0.121487395690251,-0.134166824235495,-0.175899357594596,-0.124976213235105,-0.116572319428525,-0.214120452856494,0.0167898023139717,-0.171026108716568,-0.0278598959764655,-0.106950959116261,-0.0385918098208464,0.0667008257399782,-0.152724106708073,0.0474975792135511,0.0300352696228098,-0.0800827087745711,0.0445359172191205,-0.0158295085400668,-0.0621013698455182,0.0646581142698178,-0.0516982945209218,-0.0378515500944414,0.0348456356936183,-0.0332279740667946,-0.0567650607928086,0.0694108962588441,-0.0592350282487902,-0.0145238547939936,0.037107227509487,-0.0208932372933988,-0.0247577842653517,0.00271109312915319,0.0289426526742141,-0.0924971611445376,0.104860375468354,-0.109924462648728,0.11067189249797,-0.134631782773257,0.158071957812642,-0.169585368709886,0.139429576991196,-0.0861118966552802,0.0516701602373965
-0.0289006473486781,0.0928749320743652,0.0672646360878501,-0.167016446677453,0.0734651708113393,0.0973659252456992,-0.0810478965446089,0.176941118164641,0.0393508744759964,0.0284865985222141,0.147570530788489,-0.167466956738885,0.095558795213731,0.0445738146813635,-0.140710956541965,0.155259570724732,-0.169531558743068,0.0438244547699936,-0.0285649278232663,-0.107729500415732,-0.142314094206551,0.334599655652168,-0.28006761368392,0.244704649318238,-0.111170556827875,-0.109920086247963,0.112166569829795,-0.0972089230488126,-0.18215594499685,0.225981418695277,-0.319159910028349,0.089466942811423,0.050663950241105,-0.0849429831928375,-0.017779329629517,0.0760569103230932,-0.230335990843679,0.111864637273628,-0.0189377345521872,-0.125621487416364,0.0524978524179206,0.0116325123034307,-0.147610210145133,0.186639546589988,-0.0485369318471702,-0.036995489602194,0.162272710845138,0.0394598057524154,-0.0682597882196148,0.18774283010598,0.0130790530808946,-0.0421122613056138,0.106925934324696,-0.0103616846027951,0.043007660949626
0.0192512315011971,0.0584264394482143,0.0428499793763793,-0.0581824107338073,-0.018006836652982,-0.0149667787920423,-0.179492504968613,0.0172604869606634,-0.0997087668560181,-0.23127943922736,0.0362583507051588,-0.160394752113059,-0.0379936316382003,0.0658057560527101,-0.198970334244606,0.158780305568655,-0.0582942481225877,-0.143780554267321,0.216159970857083,-0.0433926627541026,-0.0110179329538648,-0.036077011247306,-0.0306053885614769,-0.111179174990838,0.24812170873992,-0.253245191663484,0.181089930827661,0.00552269559862165,-0.0783797547516066,0.144289316025486,0.112804942653229,-0.187869821258622,0.271904980075222,-0.179094121483719,-0.00570980701138582,0.172874268815375,0.0227406749844582,-0.165221485166634,0.263690622836802,-0.114052636777317,-0.0318464880499651,0.0852360964130913,0.00637154085537839,-0.202128359114459,0.164155172098095,-0.0860309686759397,-0.187640868136812,0.0453464569192183,-0.0999544974353346,-0.111736024975176,-0.100089425252248,0.0575506521116482,-0.218046267700556,0.0751855115986228,-0.141087789675541
-0.0459664368447349,-0.0548598088480515,0.0924447843111959,0.107377149633798,0.0487532220984459,-0.0459838010804494,-0.0189493761176505,-0.0104301440484848,-0.0897522834994566,-0.00803341426691454,-0.0021114209305796,0.139349254411673,0.0612883154068257,-0.0935855011439362,0.062320384118645,-0.00864675144661749,0.0439330845284455,0.186790727925466,-0.132999617965988,0.266816075234839,0.0751268576050297,-0.178701532448435,-0.0534647668208848,0.0766345814173863,-0.109817213522211,0.12780108624067,0.1808810236734,-0.201541620949465,0.239585583092112,0.0723629062216446,-0.132478034773193,0.0837961367167194,0.0854698905861888,-0.267773176658254,0.254924548100293,0.0593909312744132,-0.130552446350029,0.239924613489157,-0.0947695616595935,-0.153164083849754,0.141271755438988,0.0334610660849988,-0.111432304018313,0.0156015278884714,-0.0474209506136979,-0.187104817072528,-0.0934672728556808,-0.0950353044915314,-0.112099455375379,-0.235423389452005,-0.026276752230676,-0.0940147894472718,-0.212011623269779,0.0655409380261248,-0.307863507758948
0.0883863373689824,-0.120726280997779,-0.271670817824717,0.0295718769249254,-0.0639512416437525,-0.0330496601792583,0.190166762083278,-0.0376607256386785,0.102664615940391,0.197575902127,-0.140182757592535,0.0875607362423923,0.0709045700832207,-0.117665838422026,0.184578388953791,-0.0792147267369337,-0.118044293671286,0.205449643806351,-0.170272068408335,-0.279165598743157,0.318138589700935,-0.12427552333319,0.11909761502548,0.172482300182342,-0.134177549210345,-0.0090215833973975,0.0911526437867219,-0.0950445994849738,-0.0846564062482355,0.099976822865741,-0.132097569371332,-0.0495518423560668,0.163611193891904,-0.00396366206223996,-0.158783166035328,0.116472380564706,-0.106864346005188,-0.188676130840498,0.291641120765066,-0.143992756059748,-0.0580961422671927,0.0846791063160349,-0.0279254567524247,-0.126984952758383,0.188870744317488,-0.0936794310770841,0.0750832102900436,0.0984172995702926,-0.0305699932608552,0.0557391403867173,0.0299006592375666,0.0290200636801874,-0.072017135669154,0.0588129369591545,0.0888170556647074
-0.00242921289370434,-0.0321678731466208,-0.0227979876410969,0.0294217687177539,0.0873077251031372,0.0366809116631901,-0.0401523945012882,0.0344580658287328,0.0334257878957202,0.0589632892900615,0.119901854228649,0.0403237302333393,0.0862363811473005,-0.0206129008175242,-0.0426573357212531,0.002482698635088,0.033553031764055,-0.0537567738867535,0.0938206432970874,-0.12993726060441,0.0128154863622651,0.202107779784313,-0.315826494837073,0.215694222517937,-0.208296605706686,0.178094169791228,-0.135782722261269,0.119086449962999,-0.0812505149510768,-0.0117040828986924,-0.020369823123656,-0.0664724974400539,-0.148505146734673,0.233865036979973,-0.233448928608937,0.0555239606270888,0.0183516545113909,-0.0888054369881928,-0.127966432087075,0.0330974237922626,-0.205867855890795,-0.0217532567482665,0.0662997853475678,-0.272343284373571,0.00393236982847073,-0.125600883907466,-0.107766867377716,-0.171276342341933,0.0727224304852032,-0.380530936834919,0.0363339040015614,-0.0975027737967392,-0.28646378150983,0.0669366852112133,-0.183297645932468
0.0188303160175178,0.0834793052218957,-0.0677727296153613,-0.13915533289329,-0.0264511110465828,0.0354308647127832,0.0221827471929704,0.0789235110252601,0.161996651281627,-0.0239231792279069,0.00792485849439608,-0.0326113455883835,-0.120092584732994,0.148994598992081,-0.0726532559757914,-0.123488242392425,0.0693561781035137,-0.103903759385567,-0.175524649929426,-0.0419910766011492,-0.148696383700384,0.122237931070152,0.246810246532476,-0.144725224659258,0.0655862476584131,0.0371632401424307,-0.171174657494722,0.00374332351738418,-0.010692723774304,-0.148427412568924,-0.0700015394082112,0.110479719148046,-0.084297859153915,0.0447484933997897,0.0248723608980142,-0.161645839999249,-0.0636480975773289,-0.0709406433810884,0.117188467747283,-0.277399232088695,0.186006257654907,-0.293007298133402,-0.0115055251471312,-0.123734156361405,0.108705443827672,-0.326156151811506,0.278295848348397,-0.194284020546223,-0.136346092917685,0.0677328712316457,-0.186528942948626,-0.0735945141995297,-0.213441487249804,0.0210559284573447,-0.138984812083684
-0.00389757611012775,0.173563109314834,0.0581502178444299,-0.19083453680201,0.0802669899269267,0.119407743051311,-0.228094745304554,0.0426973877083973,0.164224690408754,-0.256054346612395,0.0865906826538734,0.153647546355468,-0.156560382449251,0.140946404774871,-0.111969347534796,-0.230924686717068,0.278047734265706,-0.126028475770375,-0.129097972343573,0.0538602641760079,-0.00271475209739572,-0.10010605276476,0.132452785147342,-0.0609203004217389,-0.156260487624698,0.258546481145207,-0.11126514641042,-0.00587014968446777,0.0736905219207806,-0.00982347651677369,-0.144141274788997,0.00922242726523226,0.0319001087174686,-0.0110665466947727,-0.131166479784741,0.184331354082325,-0.186222552422155,-0.00239902134654682,0.104677609034276,-0.0169196825373972,-0.14984406906618,0.313438920639887,-0.121900268783344,0.0442845449377847,0.0825752101573838,0.034822231125514,-0.0600479433723364,0.205331307395738,0.0220841751309785,-0.0386923529455547,0.19806969489933,0.0113550308531929,0.0535355279041957,0.0811549725125011,0.084587092352983
0.0858799067549736,-0.258908334517389,-0.394014725497695,-0.00234996811702562,-0.107731099153528,-0.0163405776137916,0.382915717744082,0.137266169632726,-0.0876915214668089,0.154941282575013,0.134198586563592,-0.141446426258804,0.101530166488829,0.159218352601373,-0.102452938893415,0.18626968911027,0.155921691718126,-0.207346582690249,0.181567092369375,0.225508688860171,-0.270963703283557,0.0533124518589072,0.100982849900704,-0.0247973991792921,-0.0883776687648825,0.116512165494928,-0.0811956626638853,-0.0906383500970602,0.119882766948203,0.0474095434454072,-0.127800894421813,0.169320517772696,-0.0334744412448632,-0.126050991809174,0.0845187307430442,0.0788481685487941,-0.0305893758391867,0.00690754325471114,0.0836808562638621,-0.0162894686657531,-0.0699335623168892,0.0767821307436261,0.0261978011804561,-0.0769696337364461,0.10775873218635,0.0685958584501253,-0.11683271030403,0.0622209020651581,0.036735441062973,-0.0478532310427488,0.0469513872801456,0.059941583818794,-0.00554616708317093,0.024644960723975,0.0805319194775391
-0.0427134223922359,-0.0963230739199985,0.0659299662593046,0.158773783669931,-0.0214596192250909,-0.0867994195228173,0.0896377050922413,-0.0337311241014577,-0.161728566585772,0.187265249519222,0.0851355901798976,-0.0806376794425184,0.18371520951788,0.0194924475343358,-0.0861818335014873,0.0987302107289623,0.0254964893429262,-0.0984488075052126,0.178116047796578,-0.147821920778361,0.138889010878081,-0.105945861650797,0.072816907025817,-0.150264007778099,0.0822089183923618,0.0931680122896586,-0.183983626070258,0.238407972109544,-0.0887759411930996,-0.117429071356463,0.14436512825426,-0.094834175751653,-0.0427133450795594,0.136120849066459,-0.0937908277721686,0.0708792118653261,-0.175993352577518,0.120596857256455,-0.0232730800766071,-0.0677377126253615,0.0635622932021621,0.225668693263672,-0.327288313527193,0.254190569557615,-0.00737510691921912,-0.209434546853596,0.0881724358551414,0.131524987116126,-0.236720150053689,0.0895897694622231,0.0844017138785771,-0.170726680270654,0.0352908942268902,0.0706413223067368,-0.221059236518979
0.155971510172597,-0.100207437032495,-0.450287954737476,0.0107278249142687,0.217797308328046,-0.149158720445718,-0.201398806311964,0.169346417349339,0.174491281026449,-0.333432616899195,-0.132250645575133,0.259579589809656,-0.0212276805808398,-0.0959820046199354,0.191510046248011,0.166805028477336,-0.0253988245780166,0.0287542526249428,0.129113147063368,0.0344821856617835,0.0598186839375779,0.0094723971365947,-0.239452703556253,-0.026593079020008,0.033481250255975,-0.0657548581985316,-0.233556421568814,0.131328682297993,-0.0451739470621174,-0.0392444955934282,0.0827434354200753,0.126791595667664,-0.0929484868372176,-0.110821843879116,0.0447177146702955,-0.0376220752115889,-0.113739619212568,0.0618168416570931,0.0783411807891887,0.0795380453181342,0.0707746097032995,0.00392020478245444,-0.153400509470628,0.0192553627165518,-0.0166586591705914,-0.036699942268898,-0.0604470606639082,0.0114797090272188,-0.110262463334936,0.0549850895598242,-0.136217389138657,-0.0229542973949384,0.0444194176193566,-0.11906756900855,0.00883234810097408
-0.128010326320048,-0.0249333089260165,0.396961895132017,0.301053923885195,0.0620044287965533,-0.0750449588536817,-0.164008158488287,-0.13074417107304,-0.0305764601414753,0.100317187420904,-0.117353273555252,-0.239395887674499,-0.0933927711482274,0.0755672040343662,0.244898811296062,0.038519925420656,-0.106897173529801,-0.0211914085838251,0.0979849636104358,0.112366299349798,-0.135874477223803,-0.111935435137433,-0.0235449273417187,0.0550172601285583,-0.251821995729733,0.0268685689852105,-0.279696914597838,-0.0226351305453599,-0.0924679072593319,0.0332783348492772,-0.0455210805461075,0.236395435086851,-0.135118927767823,-0.1289111402941,-0.015711006489291,-0.0115835760325293,-0.102792088697474,-0.108729940060131,0.238437106779479,0.0208676489160753,-0.0311037419692419,-0.0189760901926529,-0.0782355444019765,-0.176730407416147,0.190967986979846,-0.0201764377473622,-0.0862662833814253,0.0500052429335711,-0.0507228843159503,0.0520352131793387,-0.122283610424009,0.00382121413277457,0.0249497839991198,-0.0937289603400647,0.118666666241981
0.0263863000906664,-0.172153355720706,-0.177232833786122,0.195159870231344,0.264100370883395,-0.183715077864968,-0.205155446350311,0.0695813609385436,-0.141752367615297,0.0400007641250456,0.287550592230207,-0.143869641406426,-0.0263678139808529,0.348378410185059,-0.0422908232302113,-0.119231678358212,0.234127771296053,-0.0128538794248911,-0.150005162070554,0.160458802582044,0.111827404625543,-0.183177445900979,0.0595459163442905,0.133850397800118,-0.133777428819674,-0.00191832930734766,0.133457176294253,-0.0295025775139905,-0.180321687092329,0.10378604240035,0.0470627842548472,-0.15761944159192,0.153635299035246,0.0508644998640179,-0.161600577648909,0.0055456162708264,0.0386525443855556,-0.0689031904248758,0.0105289865338658,0.124023317382941,0.0749701696698851,-0.105793737881269,0.0308563199580614,0.0444166137089668,-0.156415121048966,-0.00558861108455472,0.103682252986434,-0.1451655353636,-0.00119077982891586,0.0949079708426031,-0.159169884747212,-0.0052838236288925,0.0536306215376458,-0.146414369118799,-0.0100217731251823
-0.0215371544599094,0.212959272549559,0.177479035427033,-0.162694782242917,-0.454429371272174,-0.25109960346484,0.362688736354482,0.384300508194302,-0.169635831033959,-0.261886375570508,0.113931559460783,0.0699432962461654,-0.149339555038468,-0.016915002098063,0.116898927039018,0.0322555165435636,0.0509574192063798,0.0351447167344321,-0.0186728621483796,0.064368517695198,0.0767305402848067,-0.192855857607521,-0.0894663558142607,0.098028015358724,-0.147046930842731,-0.0372807571260436,-0.0866076713311191,0.0550560363109403,-0.0747177462099499,0.0829363298623173,0.00120978095173713,-0.0670583587476989,-0.0448278754257365,-0.0110805540262614,-0.130236386247279,0.0231561957853767,0.0177415020888981,-0.041004325105213,0.0130308118155877,0.0717607199008858,-0.0362394354895078,-0.0389672133913702,-0.0518780895785145,-0.0169897634450057,-0.0338268632391243,-0.0227767012237529,-0.000868511049107502,-0.0727364644579669,-0.0554522189733053,0.0465792064175043,-0.112091747314752,-0.0590850548809834,0.0485516894551617,-0.0948110457167184,-0.0549608188019772
0.0084149950649379,0.0420956465340715,-0.0594068697311435,-0.26981584956662,0.0235973383870751,0.413797205124153,0.0528855173566592,-0.192564730605693,0.181182701245404,0.0976478617243731,-0.275166180457518,-0.0419117332791974,0.111477773042995,-0.141038376909073,-0.106294423825545,0.128361685821648,0.102582883693529,-0.12001562377614,0.0960481018892833,0.187408053938762,-0.0100728939607549,-0.39764066019467,0.0382763485261192,-0.0482282226217702,-0.161536277735628,-0.11513268911161,-0.0431870895104838,-0.0281396770381649,-0.185171640007738,0.209830811937801,-0.0276737420549041,-0.00626637651121062,-0.0292371798708228,0.0151823608333361,-0.122423065899843,0.103348908339423,0.0019534168412626,-0.0428666227096787,-0.109466325773338,0.0813917928001324,-0.0808731656854461,-0.0981594674056062,-0.0369235937997776,0.0207930570016622,-0.112201909809251,-0.0352623959896347,-0.00698357749500177,-0.152934604590027,-0.079205515229914,0.0577969519382626,-0.134999964261418,-0.110521192763516,0.0573672139658795,-0.111794692419182,-0.139762456758255
-0.0308857033071891,0.0267811057671132,0.159743084116613,0.106234549180306,-0.14027960202829,-0.173158274248873,-0.0626245016356686,-0.0323865418806629,0.0738466163240669,-0.0471666779129561,-0.24022399786425,0.174829440395897,0.453783285249385,-0.133155490075888,-0.312600887115355,0.237951057286043,0.183190706124297,-0.227101623336825,-0.202463315811341,0.141189489805415,0.0281225432060308,0.109865445010531,-0.0980904229056427,0.14705963083845,-0.06578053363864,0.175896071936594,-0.0141771325858268,0.015632667602421,0.104292695096704,-0.0724241951644913,0.107602169758311,-0.102590932933138,0.108595067010153,-0.0100159429737296,-0.0499284620148642,-0.0377245621083279,-0.0247142075300504,-0.0893026386469682,0.213307556076048,0.00486222817495696,0.148282708311058,-0.0111848191968276,0.0259585986673296,-0.0107168100327643,0.0133812415180435,0.00873358640921143,0.138751912652236,-0.0445066376191585,0.0993110737247754,0.0695974882890768,-0.0818582390064412,0.12456308457069,0.0171650187359912,-0.0614212384474562,0.116387830745561
0.0151119431902158,0.0591455144682351,-0.074680302811562,-0.248519097935568,-0.0159491525244412,0.177044618001267,0.0338163277817348,-0.0804087560852609,-0.0542931798174892,0.0296802099443608,-0.0312834673942058,-0.166411665839598,0.00316713852770844,0.182587195359333,0.0150294002978659,-0.0453781207738282,0.130225035072119,0.0465908832371989,-0.133587939348284,0.228712425596053,0.129178500526423,-0.0300026744590823,-0.204832587617567,0.402565314965203,-0.0294437253766605,-0.151473312943592,0.0744295339705343,0.134351972922298,-0.0452319704768548,-0.126508416096945,0.286171696949501,0.0737042311991915,-0.134275879845836,0.0807167482585862,0.17899266534492,-0.254542659957522,0.135552545120473,0.0419075892793845,0.136421557146826,0.042029326417213,0.136787153989448,0.100321564132141,-0.0422895723384365,-0.0458574977410277,0.221634318576683,-0.0657042267523072,-0.0202573271015184,0.240467593923059,-0.110825904841826,0.000977748841105418,0.132443323215392,-0.0630721864017325,-0.0156672280258833,0.130781395073123,-0.0234971369341911
-0.0103589864250628,0.0160499166633152,0.0191921866350007,-0.0637451429251165,-0.00665632098841327,0.147709096367826,0.137339512122809,-0.110079539777214,-0.196633587058467,0.08323494028518,0.118909949135329,-0.0178393024196878,0.103859246712691,0.0700499422389783,-0.207131998146145,-0.163035013786454,0.145379801122684,0.15800517650498,-0.11917713614498,-0.091077532036609,0.202975010706528,-0.0901164827941301,-0.270547588314153,-0.219783800028086,0.094468568912424,-0.220130291982053,-0.117081165004915,0.157611293228239,-0.0168104037070268,-0.208471924959514,-0.0770450111285115,0.144298354459853,-0.00143113296938025,-0.141919797118278,0.0231355538872937,-0.0298338923510976,-0.349266610773042,0.043298596381109,0.0388061901472617,-0.044790104312082,-0.0253951730734138,-0.0273739767768587,-0.0585993321481969,-0.109168726551593,-0.114579605819238,0.031017225667088,-0.103346534171061,-0.0584122300242921,0.153954930017183,-0.128550277690553,-0.171070212436769,0.167146023222893,-0.057056312286132,-0.197594890949793,0.240166657295627
0.0028788671840466,-0.0337338268893755,0.0375442730250049,0.200825453102177,0.0120630036215951,-0.255783805802993,-0.0304376493938705,0.285755077520319,0.2342909717729,0.0238855990182357,-0.231681602985677,-0.238720545648709,0.0408608810500848,-0.0016569531621436,-0.187728469955315,0.037554067445279,0.235878356042304,-0.0320140405517788,-0.290532147866331,-0.131974218948484,0.0986826884402222,-0.147187482498391,-0.0437445498518172,-0.111678599506796,0.154808166578686,-0.286723898283499,-0.0458686451515409,-0.101634501954859,-0.0858683442097523,0.121196516016856,-0.126414746689133,0.188190831101433,-0.189701260556014,0.0318597292091935,0.00866647657449302,-0.0302512315535693,-0.00683459910509742,0.0382241543231003,-0.17840973170127,0.0873929990924841,-0.0870303347946047,-0.0106103726368187,0.076796087611663,-0.0214316222379929,0.0885077968093564,0.102851944610671,-0.0657171538127657,0.0597526971474981,-0.0116034446472264,-0.0481815550912731,0.183869678434892,-0.035207330222505,-0.0406409697042578,0.191630725168694,-0.11389828022944
-0.0231419243290307,-0.0672338783393622,0.0356829333597163,0.236949089628427,0.28893090425747,0.250488636064142,0.264404024179264,0.10580902336584,-0.238419147776877,-0.336577551904489,-0.201612583055702,-0.0305065243838118,0.0852899994455713,-0.0130808278352789,-0.182247416944014,-0.183870043628897,-0.00102788785999291,0.0255259517429176,-0.131920221328068,-0.187935325015188,-0.0982930716529398,-0.0137996538982773,0.0481749643820541,0.239010908311625,0.139185228660911,0.111936102166278,-0.0805830341110585,0.0986638150421618,0.0649844664137346,0.052246167323651,-0.0838791015275172,-0.0495969582855338,-0.0675855112652873,-0.0235676685295987,0.111787250028199,0.114153007153683,0.239202348404917,-0.0135491068588268,-0.00897185168839929,-0.126064920200358,-0.115779282526003,0.010632080587703,-0.00579409920283068,-0.0543241984152148,0.0322181536442295,-0.0474341126862692,-0.0978584812976364,0.0026849869710151,-0.134258543981018,0.0952092393015046,-0.0934279064818947,-0.123899387126473,0.14601254192979,-0.174413776990224,0.0214370516788557
0.0222578726701387,0.0603233164578163,-0.0121734139028218,-0.16142928056607,-0.173635449531874,-0.0637403583247359,-0.096501375408689,-0.150859137467445,0.0306866882417366,0.138022895903283,-0.0198380233702763,-0.0912652568401239,0.0879986493081135,0.200346669111392,0.0842501744285914,0.00281269878987788,0.067813480092125,0.0334310428821481,-0.10246468563279,0.00140247768132811,0.306765806227033,0.322503570453294,-0.0292231954612774,-0.0423566485223628,0.211606763002623,0.130237950902469,-0.294084472367588,-0.182394107889731,0.124052194709304,0.0824804252339415,-0.0742567016725126,0.0843423775318563,0.210119994621169,-0.103229712260195,0.0505261948967953,0.0398754705666906,0.184809573604984,-0.0262091515948391,0.0392544500653168,0.155214869365711,-0.177082430542244,0.00951069529542264,0.00857543867812921,-0.0778010335192077,-0.122804452185338,-0.000907638916360444,-0.164329313303999,0.000924990597135139,-0.164279961752818,0.0713871713122774,-0.0435232771154245,-0.266309238385057,0.125582531305239,-0.205604138466465,-0.156049355438799
-0.00533867196246136,-0.0318181832112018,0.000712344817118038,0.0752424581027496,0.0622970821779523,0.0643849785644653,0.0973898032506588,0.0232466540814242,-0.10311520780479,-0.121500365113841,0.00257222487094227,0.131302091486957,0.128642784236219,0.0299189116339814,-0.0552680965121164,-0.0645455258299441,-0.0744257957389383,0.01116492792296,-0.0477508551891398,-0.0041437764309588,-0.161063217133321,0.0664651434195924,-0.139355249228713,-0.285970891117232,-0.192139934883835,-0.138175703063718,0.217034268249997,-0.48017839537958,0.0721531854409978,-0.195223836663687,0.131794137279277,0.0641943591701762,0.0300624155460163,0.0910411422822996,-0.213546645189092,-0.272606751443906,-0.0605300243724496,-0.230754646780136,-0.0578783106525557,0.168311690598655,-0.123550499877808,0.0593225335107982,-0.109540874906142,-0.0624028494278356,0.0327644840772454,-0.139620891434267,-0.0168920796579778,0.176461796360189,-0.172643952798435,0.0381064961986959,-0.0071503226372877,-0.156801100683892,0.0668294932614883,-0.0589784503890834,-0.0414325935150452
0.0169067941958902,-0.00495080945584278,-0.044627096839325,-0.0169960850789402,-0.0114178960653655,0.000982374063497217,0.0248858985568124,0.0304342771906053,0.077085892226606,0.00166794697437765,-0.187894646112326,-0.185870559949544,0.0635487044339116,0.192337334437362,-0.00458634199613386,-0.153010423259457,0.0522128757046789,0.284603665164847,0.169755421983949,-0.0234778389154664,-0.0757106698581088,-0.100034553613084,-0.410475764091036,-0.283500678143431,-0.135116022478023,0.219285839204286,-0.0569186917862664,0.158225283736401,0.194562975987007,0.0568945338492494,-0.11140525212005,-0.297623992541794,0.043158775616333,-0.228352917705948,-0.0429731395082586,-0.0819315610199425,0.110145670742081,-0.177977860609027,0.00271616134269964,-0.0534751951319992,0.12141024071232,-0.0990766863721884,0.109626251218966,0.0871919160087449,0.0791332648032947,0.0740289051172598,0.153354517704344,0.0247533858553196,-0.0186563603202631,0.0848178369174089,0.0942727793181889,-0.00533356029055012,0.0470567394521722,0.165098946381034,-0.0764964266368113
0.00850555104133983,0.0389541181276549,-0.00596082357457126,-0.09460959799951,-0.173435483249923,-0.171909180575027,-0.0937131712559437,0.0832542413697905,0.245586868313202,0.0573102944494075,-0.166035028786663,0.0249802110403305,0.336484096806827,0.309416608753467,-0.039076849209575,-0.256191046996883,-0.0754215409352696,0.217234187233705,0.16871398070559,-0.179820521488758,-0.354913864345255,-0.101787962930721,0.221856940898616,0.232420440305386,-0.0108684148778176,-0.0807301040069805,0.053556394899102,0.0108579852632688,-0.0571509531635267,-0.145784201799819,0.103943241426823,-0.0805700205963461,0.025844203923851,-0.0699634441087804,0.0442065084030385,0.0135675458398786,-0.0633282575819372,0.132322285946656,-0.0215904443723532,0.0846578923953056,-0.0376522722707253,-0.00713875656443914,-0.145718634166633,-0.00336559926747697,-0.103167598666109,0.00312848826427162,-0.184737021811495,-0.0193596376207761,3.95493666321738e-06,-0.137731135157486,-0.0444071842579856,-0.016942630140339,-0.0181157648593858,-0.122244434052461,0.0162222008860873
0.00694503194236306,0.0193849763391228,-0.0133223512454499,-0.0576157336201732,-0.0258668458460929,-0.0020305598762433,-0.0673452916662592,-0.0925416707175413,0.0202446085255728,0.148880908964337,0.159602015024923,-0.00336527078248104,-0.187519602033597,-0.140337588095519,0.118133667305751,0.344817730557151,0.346285798839184,0.11916325000135,-0.191032930152575,-0.359092793824101,-0.399228368515244,-0.251758414117749,-0.172034590815064,0.124557579155095,0.190264776669799,0.196620478514299,0.0358895006558446,-0.037139761491765,0.0141229299657178,-0.110833175591423,0.0697641486787006,0.025953047879152,0.144303831814131,-0.0175031985314383,0.053958171687791,-0.0388501068458999,-0.00240547695176188,-0.165313460195658,-0.0640293453439387,-0.029982987455987,0.00388952612375085,0.0183969280301319,-0.0346930859803095,-0.00442626261604288,0.0155006790331435,-0.0283239400216792,-0.0782707555405268,0.0194171446857421,-0.0410600062485257,0.026889704894921,-0.0384585760317579,-0.027985516091105,0.0696325998198532,-0.0836171374498859,-0.00572553369084154
-0.00142320056298734,-0.0121366661216667,0.00263331781274695,0.0315869477890769,-0.00905390791783895,-0.0389308778055071,0.011136531091558,0.0854571871797617,0.128040746168834,0.0968059906436724,0.0233209518992211,-0.0590873967321784,-0.160662971475924,-0.258753338383833,-0.21268041768926,0.00588781273525875,0.149720776421981,0.0718533417058683,0.010213409434266,-0.048249187255783,0.0904689116324844,0.197668499382125,0.133218008581718,-0.202391903664643,-0.3139843735258,0.15867954039218,0.118332662943141,0.103843206877921,-0.306068118699946,0.10445430805636,0.0587804377978706,-0.212085000275033,0.0111091763428416,-0.120565375079413,0.216394591849185,-0.24203197545372,0.107460015197498,0.118377264412453,0.00488220337746837,-0.0611422517886468,0.0467974753554186,-0.101563220241491,-0.133539199311639,-0.143768530366853,-0.0517120715364172,0.00521633798279867,-0.215627106913057,0.214021097272791,-0.107964779432986,-0.0884650312934015,-0.0162748458288954,-0.122755416527967,0.00906982653388457,-0.166090372585649,0.162947137572298
-0.00310631294295545,0.009148871670623,0.00946875178309774,-0.043043230677608,-0.0558159184010992,-0.0882827881885405,-0.163837840958902,-0.215829961231146,-0.20519627275813,-0.047670128463666,0.213908237473144,0.383240982947792,0.293263050640944,0.0803087109646005,0.0185402365073617,0.0769347605229015,0.0661614940339365,0.0273876792358871,0.0402609355772857,-0.0364770748957825,-0.0422853732683248,-0.079472807254083,0.165712661233122,-0.00265081156178645,-0.00281712216878416,-0.164673455533121,-0.0241232191186069,0.237114169836364,-0.0228117005345517,0.245242792224962,-0.363156440597451,0.0180783450952766,-0.119468507947341,-0.0216405790133751,0.0193132286387206,-0.273320522550048,0.052858931619054,-0.131141261121089,-0.145651747903899,-0.0544917965149075,-0.000708839764549211,-0.120076156443185,0.0915927007554148,-0.0955769781231406,0.181645150473419,0.0350844043422747,-0.0440159658054655,0.151118916645491,-0.112537816181924,0.0121530774704525,0.0319642498917717,-0.0695407226650172,0.0894316988607968,0.0760237715808686,-0.00813076950104188
-0.00922533300109833,0.000854328686677974,0.0136851178710865,0.0149731659080112,0.0754105982773488,0.164841849998876,0.114337351743534,-0.0871384054979786,-0.23152157110823,-0.201883591224469,-0.069240838417274,0.0231952373622746,0.022155201553695,0.0146073166513923,0.0503408025738071,0.103518654787017,0.170194920531121,0.145022387309106,-0.0133503375186384,-0.204377017396275,-0.0658233283972182,0.138520071758704,0.199137202371101,0.0519967164967781,-0.119786757659047,-0.0624028181387586,-0.3572821212327,-0.178282690837608,-0.21075626222558,0.094128302436619,0.154105173559309,0.00177387291068375,0.206269199821141,-0.207476581260412,-0.114283563684042,-0.12457448110992,-0.0696068932685872,0.134824729783082,0.0953196876255613,0.210503516617148,0.188032349810949,-0.110606927461444,0.0366646721426226,0.0937971704672869,-0.0671445432420925,0.147360926683283,0.0676219828488314,-0.00579016949901975,0.118094974036096,-0.119416001124953,0.165838543839512,0.0418742047841204,-0.128970523436172,0.22179141176713,-0.131734869274628
-0.00571914314242892,0.0150843435905148,0.0184679927140029,-0.00662106550642432,-0.0178864933024274,0.0400053017147085,0.0914207824830565,0.0568588826734754,-0.0314969573419996,-0.164375161706637,-0.186628781705696,-0.0366932390083464,0.121859748258316,0.213518042919337,0.197293159802346,0.029324186394681,-0.142384908085915,-0.164607663587748,-0.0310205307971901,0.0173553793076243,0.0561168095334843,-0.0694789601965228,-0.0546316514465418,-0.115898643489582,0.0700200784099339,0.345130221361043,0.163520814762542,0.0909387346772528,-0.434983326130293,-0.0719815090533376,-0.124591113858774,0.185875987130416,0.293971662744024,0.207336266603747,0.218633709968,-0.132595985765575,-0.194528411540954,-0.107224000149459,-0.131431816091084,-0.0209040777318616,0.125667217810602,0.0753985523820197,0.151461930944588,-0.0571381819831528,-0.0391364211702744,0.0584349353106487,-0.126244395881736,-0.00449248736465267,0.0871591880427115,-0.0143450135621793,0.0397274352921021,-0.0241120710943708,0.0068094852661348,0.012679820073959,-0.0657146680575726
-0.00444980682885164,-0.012875610742649,-0.0138871141181984,0.00330483909607548,0.057464627869004,0.0832891198247331,0.0482300768032687,0.03465698044871,0.0609537021188107,0.0637019263102237,0.02384954713223,-0.0127967004856165,0.00514277742128597,0.132749971564356,0.250365046957306,0.130158700095963,-0.232179933858918,-0.471376737627499,-0.343240530387948,-0.0789736841155491,-0.0151354498246501,-0.0809393917107579,-0.0361718193430759,0.00978560416599269,-0.118012914244881,-0.186829154028517,-0.100872434361427,0.0551985304850305,0.0771084090287488,-0.243533151500016,-0.140665705271835,-0.414520149921349,0.0105109144860602,-0.275792062476347,0.016303371685588,-0.0754642958681774,0.0425504080690108,0.0539712628732373,-0.0491417375135296,-0.0454591970589048,-0.0277278875724682,-0.0426148482884872,-0.0777132345512542,0.0117939805719867,-0.127559190595856,0.07598384108394,-0.0837678483247819,0.0782077850637239,0.0207684630124602,-0.0985918344691538,0.0469386061714818,-0.0668164059203732,-0.0212915335734501,0.0158604782614869,-0.00101951895930676
-0.00454707576422469,0.0110450863795978,0.0125886156293664,-0.0453591150348912,-0.00838044483713884,0.0791996575375576,0.0325431821883132,-0.0477802688690974,-0.0589632677068707,-0.0831365009324235,-0.150368315802906,-0.115878660749686,0.0427512360753427,0.188686485327732,0.232930146588244,0.176107576158768,0.0699477508752792,-0.0329497559186926,-0.128694833598021,-0.157271090408276,-0.0128982055123412,0.0708641156830436,0.0518926321489236,-0.164529695933393,0.0987929843025042,0.177301256216639,0.382158656506794,0.181075672435752,0.190763460000829,0.295730636060003,-0.00739152660422351,0.0508694806410231,-0.258021096034123,0.00904313318964109,-0.260291558201439,-0.0567888316931801,-0.0255416154617313,0.275840518425722,0.155589667353111,0.248563254381781,0.0178062496016672,-0.0235355675099431,-0.11131446063677,-0.0626378024125138,-0.0665921081447496,-0.0957389747297097,0.0563311618070215,0.0414902372650122,-0.0199084672415811,-0.103577590300923,-0.0586418671658562,0.0466847202550514,-0.127394075355714,-0.104144599653187,0.101093162779639
0.00671446668265481,0.0128829779081838,-0.015926388986307,-0.0354159652784436,-0.0222210661738447,0.00111106325852459,0.015302583596611,0.0179043673475897,0.0455294514350489,0.114802993146256,0.17716585448456,0.158011043149001,0.0962827692401809,0.0506835981929176,-0.0632170105183333,-0.216973763098548,-0.242080597907004,-0.184039966061297,-0.100467277345608,-0.0528662494274369,-0.0227102927147152,-0.192713261319617,-0.195765758561182,-0.0391714737207325,0.221538759930252,0.242212375750112,-0.172556415623751,-0.270558228884232,-0.174181629022526,0.407785623351115,0.32895479914183,0.0290450936611627,-0.176145073184956,-0.163990486866777,-0.0635038330950226,-0.0840168336513907,0.0879213852543316,0.071225871570347,-0.0453225447897978,-0.143358760055691,0.100771859157962,-0.0223371324319427,0.0138076703680528,0.0492335520448969,0.0588551657348683,-0.0581978044945017,-0.0461776168023558,0.0892440760458819,0.0550588740571523,-0.0431857735450434,0.00213715334650361,0.104543498995931,-0.0267904761224028,-0.0239328454747887,0.108029001763507
0.000460890815487891,-0.000652890517362483,-0.00535614009968109,-0.00450512656610862,0.0017521630127822,-0.00359757094980104,0.00322770874265815,0.031784058472522,0.0236933818663669,-0.0116887335185027,-0.0347566956078775,-0.0398792849719608,0.0182029219422673,0.099490825958891,0.0796957140713342,0.00758822691351092,-0.00318069341671893,-0.0636894792401136,-0.143120946196235,-0.129805181453943,-0.016692024804196,0.11478581313543,0.0666791335771038,-0.0555075378934818,-0.332537319006367,-0.162651571379982,-0.0314046444691254,0.261733598227265,0.313204164263859,0.33130481742524,0.447576365924072,0.189924690858704,0.203580406104003,0.0411202498266457,0.111716359407638,0.00350107972882249,-0.155942133542292,-0.175953963566795,-0.227528758631764,-0.251726113205663,-0.0938153780858085,0.0559830357421689,0.0554119788343422,0.0634760519819293,-0.0582313227100121,-0.0038838391266723,-0.0783496243188011,-0.0879310424591578,-0.0116181844650146,0.0286508903881423,-0.0010178934199916,0.0165090100566648,0.0435116017658463,-0.00566358625359633,0.0103094970457901
0.00696659901927627,0.0121932701746255,-0.0129193492239352,-0.0650986625063921,-0.0478430614175302,-0.0297554392101055,-0.0708600451158368,-0.107924890823103,-0.127862962550179,-0.135311040015541,-0.121899798201577,-0.0261510261954358,0.121466803407537,0.20984633358739,0.21098168667757,0.212253941781652,0.228873369413211,0.131958885200006,-0.00470455703749017,-0.000259867546919652,0.113641044269584,0.13562037272285,0.0231178182355652,-0.11419803622094,-0.0875988179556157,-0.00991096943531465,0.02685339991629,-0.288550513778163,-0.219263460408564,-0.119287667175983,0.0830750758761502,-0.191009922254023,-0.31211714480176,0.0226290487864412,0.074511425685516,0.220105846847065,0.104492491463473,0.0127438438160443,-0.199662627771425,-0.392208403122691,-0.118479058911466,0.0303341295963498,-0.0560565666879523,0.105037414973027,0.136342111921997,-0.031650856732636,-0.0393637220993894,-0.111669264977427,0.0521034122738915,0.0141465059783353,-0.0524424153752985,0.138879625894179,0.0133025154795912,0.00644081428669762,0.142250878857069
0.00212937506395656,0.00217878338604275,0.00230067931877033,0.0100985211217357,0.010250433507883,0.00596955353242787,0.0124716762481806,0.0204791542982394,0.00381749419025794,-0.0462986415081579,-0.091963692358046,-0.0993033719509435,-0.043823524280826,0.0316613805407279,0.0493866193190757,0.0406475324694627,0.0244177182591398,0.0307932628437453,0.0777873893899235,0.0748177986421217,-0.0202666823802031,-0.0794556775660163,-0.0461549999293107,0.0303542278210461,0.0836811924039379,-0.098272348567698,-0.282745535984827,-0.188074146321591,0.214710248003384,0.229356703325498,-0.181582583104533,-0.264301906849154,0.232574335117502,0.519152903358778,0.122503743790045,-0.134031185701797,-0.0321119629773611,0.0437884190794067,-0.0975600575094862,0.00130380951512859,0.147649594966778,-0.0345555009232823,-0.213238247439838,-0.0117097224992789,-0.018565375404604,-0.145752368076387,-0.024544435089213,0.122115133280762,-0.0114017665059687,-0.157800217380493,-0.0153172056819031,0.124131513456603,-0.108422139540193,-0.0524924766553312,0.291990162484877
-0.00276480206881975,-0.00899914728298054,0.00492617671978834,0.0249311474318082,0.0172308818349424,-0.000779032133374546,0.0120243067653882,0.0351822205717786,0.0140615458438337,-0.0495714812192277,-0.126024363267795,-0.143239035022855,-0.0930155643680827,-0.047327078216253,0.00467229862541201,0.0580155980096896,0.0374058343697837,0.0350080052164379,0.154277903006766,0.209387475757531,0.127584826817379,0.0469665567765749,0.158834411202057,0.27848672177358,0.285026167399231,0.132511803093557,0.0226319291138496,-0.00189939675493513,0.037133521784346,-0.0228613833517009,0.0436216564237032,-0.0895536897602739,-0.0368647586702288,-0.276708688832741,-0.262349729523055,-0.325591209573958,-0.336446357232931,-0.220612592467448,-0.253248227960321,-0.161354739236195,-0.237078594723509,-0.0837520658947295,0.0420873894026695,0.0449243739615193,-0.144553702232902,-0.0591565143081525,0.0426374834698015,0.106276220148148,-0.0715142900958959,-0.0560682976568715,0.082631719088164,0.0122672242122332,-0.0433039600875293,-0.0202689948398017,0.121389450039935
0.0044634379497638,0.00143561811672772,-0.01849934404721,-0.0240459459278856,0.00569115648572234,0.0411990985411945,0.0273114313256077,0.000368673143910965,0.023278536160007,0.0352765160956925,-0.00289216031715136,-0.0519905651846419,-0.060447530319534,-0.0255986447287014,-0.0191999150507098,-0.030626899920001,0.000555391994743052,0.0366146877592072,-0.0215147585962338,-0.0500176656322004,0.0249471586623049,0.139414523575984,0.127669792807675,0.0461837712365117,0.0332242861313648,-0.029655648664536,-0.0220106190646057,-0.0720249639839467,0.0784473277874756,0.11408950303733,-0.0424841717114608,-0.233569675683113,-0.332768849051578,-0.0424173833828307,0.0710088129165648,-0.0129211534407153,-0.235472927222062,-0.305140017333405,-0.102570276027766,0.175512103897806,0.445186393087245,0.363329940184735,0.0233570946104784,-0.104007373039635,0.0202413564338298,-0.0303846093272191,-0.182326006772554,-0.0410882154583409,0.271975642174715,0.107371653597318,-0.150983478578235,-0.0283127129910796,0.0827489763540095,-0.098924196237491,-0.222040991784777
-0.00391606833917402,0.0111998202078402,0.0156010833945482,-0.00792204151242278,-0.0211275706627451,-0.00102580457913299,0.0135616865664161,0.00920332534356551,0.015282977506108,0.000696812229219098,-0.0202613770355622,-0.00990733604568102,0.00384647369466837,0.00133740135396601,-0.000246480155830593,-0.00422988686090718,-0.00949252797872472,-0.0247602197548878,-0.0275924276396978,-0.00967030047954667,0.0348796638340129,0.0612038803208352,0.0407245107807953,-0.000558023331182025,-0.0693090143973292,-0.0364638297818693,-0.0129647122769499,0.100112050668938,-0.0743690581457291,-0.0920084502500388,-0.0759368217003309,0.185969653217754,0.0344305981284058,-0.179032342597832,-0.0183870597653803,0.306037014954622,0.228866705759105,-0.29587538172508,-0.22560984260274,0.238077138590454,0.236321219039209,-0.0745410712394838,0.0990729353552311,0.259210029062123,-0.0276230566108109,-0.415523623266609,0.00954007868114789,0.252814020343954,-0.113394662783184,-0.219584828957511,0.0878769710124772,0.223619982965053,-0.0952174938541521,-0.151338516502928,0.13363968514087
-0.00366700400842469,0.00196521517144881,0.0137429265866642,0.00780612871990369,-0.0101429246189978,-0.0194294666027953,-0.014673519415716,-0.0230166386737319,-0.0414872022844899,-0.0210416989054398,0.0330436508443272,0.0589515706745852,0.0416509658686048,0.0241157022306706,0.0225890275950007,0.0256606951698031,0.0203167965082613,0.0224096837535369,0.00731883533026141,-0.0367948984747303,-0.0778546897549438,-0.067676155206224,-0.0326963850799864,-0.0297737702220821,-0.0213834525246057,-0.0323322779133864,-0.0475622717798871,-0.0712865428058811,-0.0583172039354726,0.0932729141064315,0.0586582558465546,-0.162119501225201,-0.238759961868488,0.0475248575756664,0.429521186818548,0.0914627606584717,-0.207695213113045,-0.101385876452533,0.245486642210632,0.110779018569866,-0.198578777111901,0.0796917765273769,0.364505438805355,-0.0497644230730986,-0.397713287017034,-0.110248346906658,0.255767264413401,0.0724837840809807,-0.197319581348902,0.0422898246028868,0.199710432161438,-0.0724552895246638,-0.167038305832318,-0.0514365293873821,0.0780947367941898
0.00192438145969195,0.00023748661416429,-0.00792645328609451,-0.0127344766295929,0.00654361762623577,0.027390886051255,0.0228734651243255,-0.00780670577540394,-0.0365194491897558,-0.0014733005117333,0.0395869499584989,0.0227447396258637,0.0061591258746757,0.0125136348169953,-0.010687424888335,-0.0457314784769528,-0.0385396008775579,-0.04517747564309,-0.0599682411806763,0.00386495633890224,0.0654567267298801,0.0539067157665121,0.0103010813500515,0.0254591218547941,0.0756283803627382,0.126636501136566,0.0824358993274436,-0.0170674524814676,0.0298364303550074,0.0441753063047495,0.117175001537845,-0.0769795595983588,-0.0941288457110499,0.0438228468585931,0.2764426112969,0.268123046432368,-0.260229038938101,-0.255488990027802,-0.014879410207476,0.245816884696995,-0.0979041719523847,-0.521814322509941,-0.357479541394683,0.0167307957590445,0.175525496949428,0.208404579678357,0.0693709712868235,0.0897224885746696,-0.00721656535733485,-0.138033233956739,-0.0635450834195699,-0.0163846329078774,0.138604333626445,0.171687553591432,-0.065327093506577
0.00241707227430613,-0.00460494096483976,-0.00837764784538821,0.00548970402467314,0.0147971668725093,0.00948947082040075,0.00806792319759735,0.0120279795933684,0.019193061366545,0.01945643244004,0.00203289313140008,-0.0199725019213141,-0.0354257090001089,-0.0298971861945236,-0.00922527076915394,-0.00582688916739216,-0.00403763214633225,-0.00607384212258092,-0.0358276429430655,-0.0204818589302113,0.00272879182483914,0.0309244882554023,-0.00458442792752859,-0.00660787162498446,-0.0445548936243993,0.00351148994543138,-0.00452583978087866,-0.00224750753150415,0.00792285547667992,0.0256393920790827,-0.05999742883948,-0.122727056717807,-0.0236789430910175,0.109141181108976,0.0568170024399331,-0.212032530239127,-0.144092983738001,0.0904169594094739,0.277469159640481,0.0326907076165659,-0.259968971642335,-0.143824731605207,0.257903017827374,0.479909425321179,0.245377462164668,-0.231499223174491,-0.264461646782999,-0.0216894525263558,0.0990489118967065,-0.0960179140259973,-0.027195078355447,0.247779585019549,0.174878374857726,-0.189533630813024,-0.295149951065092
0.00254599811147484,-0.00613843141598425,-0.00652230645689851,0.0145218594970731,-0.00212065732336458,-0.0354798859889373,-0.0199976792767108,0.00703148325585875,-0.005907437908193,-0.033748857030182,-0.0331634718475344,-0.0107356429206629,0.0120854145618069,0.0203886483293363,0.0225294761870797,0.0392464029071895,0.0459916261985771,0.0426784177209452,0.0450547978887756,0.0276432061960653,-0.0234742716582239,-0.0418462275072077,-0.012094842811349,0.00099266268998206,-0.00624234568524941,-0.0433521146429824,-0.00398023382049737,-0.00042023280689835,0.0320088246904573,-0.000297934021902297,0.0134072181662215,0.097290617283527,-0.0137087966066479,0.0745710158906133,-0.0534880708607299,0.101720535648457,0.0669506495142199,0.0181154525100005,0.0935776552077625,-0.224494484639439,-0.0384085601765843,-0.160514596812015,0.0690876061246678,0.0304344568536109,-0.257917446725754,-0.118005733695585,0.0365285440668619,0.555749639867146,0.537118628646058,-0.00728214648557912,-0.255707907189135,-0.294918465744467,0.0156722315850672,0.0734174193678554,-0.134751370190884
0.00235533495949966,-0.000166610194836736,-0.00720806182420334,-0.00697187331644404,-0.00471523450396128,0.00087774551654712,0.00419088163376874,0.0154667506667555,0.0383461065087384,0.0222664772080698,-0.0268800581965489,-0.043607890894158,-0.0207113905942143,0.00632104548143318,0.0177343517304425,0.00417639180100812,-0.00628943399446457,0.00150483701677702,-0.00504015908764055,-0.0330973746822141,-0.00534825787908842,0.0242957139425643,0.0246422347977971,0.00278632405100486,-0.0195070748660923,-0.00439352578004475,-0.0495300092949561,-0.0232509567792866,-0.0440632574777289,0.00397339551312686,0.013888124567935,-0.0113560869765113,0.0354163625840492,-0.0127557737730422,0.0234941012858845,-0.0337797827380415,0.00821878293376554,0.103139183531685,-0.0842452061718226,-0.0500822652084652,-0.0382004932113919,0.232865429934349,0.111122307335422,-0.201932170430601,0.00208543103612613,0.117918115110265,0.430110280911691,0.186201623435442,-0.18949175988373,-0.436390925820142,-0.326406869466281,0.28621915381317,0.397948273901793,-0.0288994314535275,-0.215272586033739
-0.000639669236150861,-0.00394634988543689,0.000591277919901556,0.0142827577512679,0.00658427330980315,-0.00871848098916604,0.00106538939059865,0.00719444030516564,-0.000414064575593343,-0.00494659283843218,-0.00343418933051007,0.00109132110905379,0.0076645692999955,0.00577146115002172,-0.00773240920462401,-0.0101465777628067,-0.00363840227193938,0.00759707747904285,0.000246200285835049,-0.00118615355554895,0.00401913318374898,-0.00545871115731579,0.0175549086167888,-0.0197273263167826,0.0203074419543812,-0.00458486208940628,0.0196930176809562,0.0457497520158617,-0.0827170705129218,0.0929294486970099,-0.10414646525686,0.122904919147298,-0.0412763429510129,-0.0799466160698231,0.183843398268534,-0.26948487234964,0.300891511996838,-0.297208613389142,0.16465091361019,0.00834768999747274,-0.236493633952863,0.192641585407463,-0.476814808915348,0.0803618517678427,-0.289564909799563,-0.139190454122715,0.0997889531437507,-0.204881610805266,0.242675903076883,-0.065654261947067,0.0460790727808175,0.223886207750778,0.0320350608809271,0.165890272904751,-0.0871102090194648
-0.000524814175879246,0.00314771151483907,0.00462166838999514,-0.00366733724231616,-0.0101377445158209,0.00330566486900015,0.0101382878648267,0.00605951984387446,0.0187649490891367,0.0219864223984124,-0.000743957680957866,-0.0103352805055541,-0.00545137162398764,-0.0134456409269012,-0.0199377779698649,-0.00955080073360972,0.000987995097589548,-0.00810691849442225,-0.0240527882147822,-0.0237707925678596,0.00963529026354515,0.019484629000601,0.01481528711564,-0.00193960202078358,0.0213976056181859,0.0203556058916394,0.00460914541145584,-0.00265966836881992,-0.0224625211371865,0.010197880364777,-0.0215418918999553,-0.00102810520968978,-0.0114356575695687,-0.0315466553196418,0.0193305421633332,-0.0536940997108461,-0.00616247696621033,-0.0523407723260025,0.0779227269032136,0.115642495159208,-0.00198107763052948,0.161814314183545,0.16354164333611,0.31183419280688,0.014131416608028,-0.0650793451346555,-0.100027797486213,-0.183200766518539,-0.114761898286578,-0.237942053116774,-0.447874588755249,-0.353686829140213,0.0748358592006258,0.470191900617134,0.383722800057749
0.000392340816943306,-0.00216650460180347,-0.00111456412631042,0.00233872960903922,0.00227538215122492,-0.000946921137869999,-0.00187136986494897,0.00472063115016477,0.00344161422032998,3.86048301319737e-05,0.00371014942833677,0.00818466296980534,0.00631566376794981,-0.00236006974721669,-0.00826933284364633,-0.00842556071685823,-0.00774529723401587,-0.00869378589326206,-0.00340782246658736,-0.0157149072466142,-0.00648924792805087,-0.010118868024514,0.0107240476231332,-0.0044642125856702,-0.014757773377416,0.0220763008169161,-0.0380973765181856,0.0502942460260042,-0.0438025491971781,0.031006669034097,0.0202020550514064,-0.0783851232148533,0.142584563645549,-0.148037813644612,0.201625184693868,-0.0715919456182926,0.00855126251749057,0.114850562150581,-0.27866339056787,0.27366430442064,-0.311311292017945,0.190755967392523,-0.0225133747775141,0.0541771195787255,0.404578792179469,-0.059780443922398,0.334177343824179,0.0578246089427805,0.252963363470159,0.179454397064609,-0.218524071464883,-0.0976914533393015,-0.367210037258607,-0.151012689066739,0.0299156921566056
0.00023298969131852,-0.00126001665188515,0.000110263778832895,0.00235914679294535,8.69033741670815e-05,-0.00358702075505524,-0.0042571927041787,-0.00477808984236175,-0.00421285329922341,0.00252336629749922,0.00594221375123412,0.00462948168564625,0.00430975856601767,0.000380592921314194,-0.00157607323692843,0.00462889711414178,0.00729477167195383,-0.0013011692441875,-0.00442195235479886,-0.00428841229751218,0.00240428754065844,4.59891776741229e-05,-0.0117728278108534,0.00403862444907158,-0.0173047486629341,0.0334654036639909,-0.0265284084448223,0.0205462250779445,-0.0102368134733647,-0.0234679913931327,0.0472370752825639,-0.0968377010039001,0.0884704660183571,-0.0904022913552882,0.0336733519846797,0.056725675668328,-0.0822358214181684,0.238191289539089,-0.153280239120226,0.184118752818759,-0.107262086855021,-0.0950102650044146,0.065558651837167,-0.370738133773941,-0.0480960156174187,-0.514543911100139,-0.117940336941556,-0.0250040541641162,0.0814410111018591,0.294585496386527,0.00464715991812193,0.212500904156859,0.321528917802674,0.392491017029406,0.0600535208099308
