0.668941486616114,0.0518474812257856,0.438832228761474,0.0526063832613282,0.333790765119425,0.0351127200249984,0.288053418229832,0.0228378654472951,0.235960273389119,0.00608108983400202,0.192034365528997,-0.0128571879680416,0.16094017383017,-0.0234082768704312,0.131320182512507,-0.0286991257728041,0.102829365671255,-0.0290603141312909,0.0759764374907791,-0.0222253030250048,0.0473805463717029,-0.0101655179547711,0.0236516795980733,-0.000816248842324771,0.0109654544277051,0.00242016183457671,0.00776390516245662,-0.000592440029519715,0.0095247958038991,-0.00242615124280153,0.00855591109886792,-0.000884937142348375,0.00540833105466783,0.000891118424555362,0.00386615911773275,0.000264063953201825,0.00447819401345238,-0.000987524312056856,0.00445994250557938,-0.000586173150060209,0.00312177432881595,0.000285786381402605,0.00249612903660164,-5.28019974997754e-05,0.00273565193825492,-0.000451325204312844,0.0021999050406226,-9.88740162855147e-06,0.0011703335505855,0.000210906684710275,0.000705087716333595,-5.30144902516078e-05,0.000402516331027157,-5.11879140631313e-05,-3.06814830944665e-06
-0.0413618854065054,0.335867307784483,0.034015960605005,0.410057126529591,-0.0646642640555361,0.396732431826505,0.0525105778272359,0.402164894744795,0.00803058371589829,0.364520505900192,-0.024834738837256,0.2948413146274,-0.015974785231679,0.25175497599455,-0.0346866977570775,0.212369507411455,-0.0529498682065829,0.179375014247024,-0.0442655311783505,0.123602574759978,-0.0344889855666013,0.0682357745013781,-0.0111785795688363,0.0256863696769554,0.00841211170477274,0.0136122059187101,0.00221246391711127,0.0113626543557644,-0.00297214924988085,0.0138316604770632,-0.00301291221324233,0.0107471037637264,0.000543156773855163,0.00488711236670294,0.00246290632363665,0.0037784243551667,-0.000117225218630474,0.00584922041386063,-0.0017272870899436,0.00445744065989983,0.000342770721471703,0.00177956354796303,0.00119727619296434,0.00189073381270377,-6.66563289172615e-05,0.00230857108695824,-0.000251884272297269,0.000956961452611876,0.000524829724154049,0.000123720545645751,2.4417446947361e-05,0.000459147493461311,-0.000723995965227909,0.000437532128388221,-0.000280935234356632
0.565736320192717,0.0532329998067944,0.032562891651361,0.121790032792109,-0.0894515563696836,0.0628279691264115,-0.352487987822849,-0.11731372506315,-0.400078592448527,-0.038131598457098,-0.291747949668727,-0.0613520375277851,-0.253061449687803,-0.0892516686894814,-0.230340560051011,-0.00831314795878465,-0.253718872510685,-0.00867908684407952,-0.216146004330873,0.0172796688456159,-0.136289164854906,0.0224099234131571,-0.0515824451749771,-0.011224946387257,-0.0298405011421023,-0.0186483269637447,-0.018398073019612,0.00177924465534646,-0.0119795348514463,-0.000768796565793691,-0.0173108679973819,-0.00035964298199124,-0.0118958580296221,-0.00302492780616778,-0.00532299215709347,-0.00398409047078708,-0.0061007400722896,0.000243579085504761,-0.00796478582196999,0.00106048024261522,-0.00524052749763601,-0.00159986108333318,-0.00284653119252602,-0.00132191473205475,-0.00408523382896964,0.000361211641803239,-0.00367529840790707,-0.000188596662332626,-0.0015411669251901,-0.00109877174635464,-0.000993372072381642,0.000227637440930808,-0.00106384264911209,0.000292103210206554,-0.000303465235141852
-0.0406260127456076,-0.0595728117347664,-0.370539166520117,-0.0117386046389128,0.806442493018941,0.134070808814073,-0.10853557035875,-0.102841433899866,0.0852021040694392,-0.141484332226734,0.01086229386031,0.0332087218032347,-0.185492106511608,0.116985850153858,-0.0992862111078378,0.19712514611944,-0.0280609408084282,0.12804050380736,-0.0940885941158937,0.0925257493381668,-0.00904577444041521,0.0614132734718982,0.0271849304678115,0.0384402260099222,-0.0136718372674224,-0.0109872731375001,0.00560698974654301,0.01027965838979,0.00244732195809884,0.0127225292612688,-0.00374195055144148,0.00570223200412916,0.00218228506846628,0.00151172968232694,0.00339979238012217,0.0014682494872128,-9.11426105044521e-06,0.00271229601489086,-0.000205876024903038,0.00280311458477076,0.000268252507871353,-0.000246248160904909,0.00249840513518374,0.000721132405551218,0.000365322414629156,0.00211724768591486,3.9634677042105e-05,8.12372000906773e-05,0.00135705646172416,-0.00010941975155433,7.07114180150373e-05,0.00104185685104151,-0.000523262314871421,0.000324879956066987,0.000300437260788069
0.0569548279302537,0.33788847343541,0.0831177909523095,-0.423542811823886,0.00851702729421107,-0.228656890983579,-0.534816519285364,-0.00581892019853246,-0.0554967348957896,0.0959272880645811,0.400198839350151,0.198037419137875,0.263106945197158,0.155683379698353,0.0707055091634869,0.134016997987671,-0.0462463785164193,0.0710869994869513,-0.0736660498598714,0.101270164496884,-0.0307358502561546,0.0608966021336771,0.0126058304903405,0.0153849162295895,-0.000443622375401342,0.0212554087309748,0.0189029555490473,0.0211241844275625,-0.00648552321839728,0.0106486334037725,0.000237953577332796,0.00851859562733309,0.00243998986597149,0.0125151446620825,-0.000366363385717521,0.00734483860161654,0.00484926565667915,0.0038230185235044,-0.00436241878834404,0.00707845216479552,-0.00262571538377619,0.00421345123214584,0.000332690004230647,-0.000882013353745962,-0.00143694543807343,0.00226932418209597,-0.00177282686805895,0.00131309219197111,-0.00146376462744047,-0.00136990401096628,-0.000984026082732155,0.000144116272799737,-0.00242770785097567,0.00123582288660605,-0.00289595010478126
-0.0945463378944085,0.0766101965609123,-0.0614627562777257,0.428816518303395,0.129110139289741,0.321104925152758,-0.396219475023835,-0.101764964297239,-0.212826587091316,-0.0102632067984752,0.218110827266424,-0.153577706894709,0.231277242996314,-0.28374514198147,0.265876375715001,-0.151639103155988,0.203109006089778,-0.255469498585241,0.138616378793641,-0.148479633618766,0.0883473918531625,-0.0327909696710055,0.087475379694168,-0.0130642669978906,-0.00816275762020746,-0.00867078356724219,0.00029186768149794,0.0153464541062356,0.0296507776695584,-0.00694193291655815,0.00516982332138439,-0.0107913220857632,0.00499920130179091,0.00548477839732935,0.00292597570572377,0.00510733558778321,-0.00114272306016022,-0.0032648065508685,0.00764580620469975,-0.00428467402266153,0.000655024919942443,0.00201082350794109,-0.00221302524927251,0.000574778305924033,0.0025036057215235,-0.00378166775943743,0.00178178191870238,-0.000251846402030352,-0.000743362225921573,0.000944237627104512,-0.00134120737647795,-0.00213958905325439,0.00223725616335686,-0.00225561726757161,-0.00176213621966937
0.341158414084951,-0.505240935602222,-0.44197502322331,-0.082673691243731,-0.176028632381115,0.0528793395730703,-0.130070586404128,0.381356706450955,0.031361534174394,0.0851873493577309,0.0337425878057128,-0.0687278794256942,0.2271893643802,-0.108469265983739,0.135495389977489,0.101920051077548,0.133165013977464,0.228516637037305,0.0999306798379213,0.165457048544048,0.0267886280991473,0.0923274995256465,0.02285668223615,0.0442785531163766,0.0478254759347988,0.036112178478731,0.00871659810181715,0.00736876491438944,-0.000994850821069038,0.00570634191881528,0.0158108293838998,0.0207810202625721,0.00662769974020018,0.0076086468237559,0.00617613450953768,0.0055534047122231,0.00627450017568385,0.00661870867029738,0.00219818302173072,0.00468566639017427,0.00166959177355025,0.00284201467917984,0.00138717005995262,0.00237589453234108,0.00182309363433066,0.00265547215498182,0.00286161085034175,0.0010029348497547,-1.10705108606731e-05,0.00239991520609691,-0.000222944988766926,-0.000193631231362419,-0.000290058618744801,-3.03323756620242e-05,-0.000759352390442992
-0.113946057749188,0.171035308832502,0.124940474732157,0.0177670469527659,0.0340619425037485,-0.00832412954278875,-0.151558800068153,0.5252366657191,0.287648625766958,-0.219926174506582,0.191844091723726,-0.479694064731735,-0.11200336009064,-0.262794476566215,-0.284759427370333,-0.105797597023108,-0.0898942094281784,0.0574037975234019,-0.158293843497424,0.0663047051375236,-0.121612212833503,-0.0673323477054826,-0.0350399332749292,-0.0496281278214174,0.0112357589457658,0.0340308997893512,-0.0306453582365287,-0.00387584699466408,-0.0461157332147724,0.000277041081336597,-0.00262511681490008,-0.000677751183807048,-0.00957898389517245,0.00558618208732559,-0.0246417681519929,0.00297355987785568,-0.00943024264712515,-0.00296153887273673,-0.010071279500613,0.00609811205972407,-0.017631104243518,0.00031810744159202,-0.00818971441073361,-0.00100129260013506,-0.00819582893519724,0.0012331497264276,-0.0116586906101042,0.000238465824207154,-0.00566785308991659,-0.000285770603778945,-0.0044760730376537,8.0532514877556e-06,-0.00381074654114612,0.00194094730778055,-0.00349689842490727
0.0133604978028006,-0.0709640444784871,-0.0958672215596247,-0.49763583971326,0.106172444235379,0.422178948903837,0.10279354773563,0.178703714970826,-0.0569677681619286,0.359600359168913,0.0827019304301213,0.125481293829105,-0.0627232730820608,-0.160640843940094,-0.0940879292579198,-0.208613172064994,-0.198814767031606,-0.370780191963184,-0.0395827527444712,-0.251595990438222,-0.0285680217000871,-0.0762651266876448,-0.0877113590069325,-0.0195762410184731,-0.0694900442638249,-0.0594883523120165,-0.00541424150893981,-0.0202273019567927,-0.0172756231346762,-0.0170933130149253,-0.0233119039635066,-0.0124145618393445,-0.0152383507960359,-0.02668762465682,-0.012039853174395,-0.00643169248787266,-0.0118637590043768,-0.0045628621599585,-0.00858210476081104,-0.0160778298847016,-0.00533595155802701,-0.00326664693578327,-0.0111019337585423,0.000957150361223535,-0.00914528254427898,-0.00735355558056739,0.000810338923582199,-0.00257092298036269,-0.00746239605577092,0.00235474886737302,-0.00162263547501936,-0.00234334137146345,0.00321912191442247,-0.00113059235253681,-0.000332043022951742
-0.153246402975214,-0.306889067021262,0.393390658968256,-0.154019678914871,0.0414070651798243,0.316146972464168,0.0865944193725741,0.136468340159557,-0.520613208420616,-0.325059377123391,0.140571919416162,-0.148845306279124,0.116439746441794,0.310836726942112,-0.0681725875224493,0.138520518260329,0.0116527498088704,0.0648354349831856,0.0126348709080985,0.0952304119349858,0.0234637535959735,0.0321239957555705,-0.00511274704351005,0.046538686166719,0.00719479182629902,-0.00928868176669021,-0.00390813436029962,0.0339785364135362,-0.0032784852185065,0.0494381547335043,-0.00487558175809442,0.00465138095793075,-0.00472123728647284,0.0145635668439597,-0.00720034578926125,0.0119940153416654,-0.0126142675498971,0.0115129550282666,-0.00871133848021828,0.0125351630482706,-0.0150757732881733,0.00850330219275579,-0.0121023020372086,0.00673148641666054,-0.0085950450255225,0.00536594668349986,-0.0133756616558883,0.00335130503158768,-0.00940000956368579,0.00587517031323354,-0.0114553245786731,0.00350546089157878,-0.0104133746653896,0.00852308929660362,-0.0101758792055382
0.0421451779549144,0.41838722298353,-0.0205317019777958,-0.355987426787922,-0.0124426920059025,0.220186843139116,0.0307600013702428,0.00619715950424207,-0.126891032107693,-0.0774177678139874,-0.279104233780204,-0.117226340541807,-0.157135976066244,-0.215363107751245,0.0119994071529913,0.0536484880035842,0.285850654628832,0.268414459245777,0.386252909313678,0.089161840919932,0.215647004935648,-0.0506160614926332,0.106717249059926,-0.0380293881148739,0.142569748739403,-0.0146521011469031,0.106350469595439,-0.0438147817135872,0.0628842633442157,-0.0329597867992939,0.0813131863284611,-0.0105029398190082,0.0809166223796972,-0.0292587989942409,0.0767011493351222,-0.0261595460438859,0.0597805688279225,-0.0175576075273915,0.0650545787622924,-0.0230962073459768,0.0642044616322858,-0.0251403330637664,0.0656827585473307,-0.0215435630937701,0.0574718241422452,-0.020995775922005,0.051200502599618,-0.0128252409343471,0.0326116875139104,-0.0102357618714228,0.0192937305334833,-0.00202757596745746,0.00169278693600141,0.00358138387367879,-0.000939893038349528
-0.0870249422174872,-0.367315140090223,0.362625564876276,0.0800486522196493,0.132749290438152,-0.223200685866889,-0.361271264957917,0.169313573304813,0.0620298923143238,0.293914454074294,-0.06181132701225,0.135819738733857,-0.321604972635966,0.0214727578332506,-0.206292424305945,0.0822489296865283,0.166127115711905,-0.0807534303918388,0.268781463081735,-0.133468371808208,0.136042897188828,-0.0411308329722105,0.0826036163372698,-0.0266484973651536,0.084871209426038,-0.0354927480964275,0.136687623657184,-0.0408966904527338,0.0586891814565636,-0.00475111581475434,0.0498174733918335,-0.025129796616149,0.0879081083973289,-0.0374739091120933,0.0769445170403168,-0.0134914795998141,0.0543209265078986,-0.0105845847903919,0.0665460119649425,-0.0320845128201082,0.0685176924748411,-0.0284636051325463,0.0546944026129949,-0.0210352862465347,0.0542097621456297,-0.0237455889600069,0.045330544596962,-0.0184813510999125,0.0299117952103946,-0.00960397261812299,0.00561899288660645,-0.000364204193676516,-0.00835353448430881,0.00730209772263068,-0.0148133139167588
0.101660038935474,0.0440144582949193,-0.210418392098435,0.0745056356019013,-0.0646204266838145,-0.0296765045050922,0.049482956382301,0.127271962624198,-0.00758205096749412,-0.231737533158495,0.0822584619246375,0.032280545797602,0.127480497978429,0.289863820937862,-0.0553657557995072,-0.0405497404087618,-0.176258296384742,-0.146714767107859,-0.14370380956627,-0.163932209183173,0.124491549834586,-0.232450485132311,0.233036123267458,-0.260695180531666,0.215057562214447,-0.168059670604263,0.155774413489816,-0.0993273767769227,0.138022064819973,-0.100178138593166,0.1598559057216,-0.126922028385899,0.18686951382348,-0.118671836914742,0.153973806147674,-0.0813553746039116,0.141009513639999,-0.090929267128006,0.156543979440964,-0.105194002490103,0.173099643986041,-0.108928416375189,0.151344583615904,-0.101510872015925,0.145843943645215,-0.0911011519149336,0.121202502578363,-0.0655163893930764,0.0854003665843129,-0.0347450487158478,0.0274792151117887,-0.00837389622804385,-0.00923947129070361,0.00507254789401876,-0.0166208665700393
-0.0514233929344362,-0.148396272842328,0.0848867004907122,0.000360108508754942,-0.162820184382723,0.222805294807823,0.0864733678589827,-0.418329981769577,0.0895118967261483,0.297585633430212,0.400400878196972,-0.209316038042685,-0.207660189673989,-0.199056184892458,-0.00830523712859396,0.164212459696258,-0.0982572753472004,0.203664235757129,-0.21009621142272,0.209009464664452,-0.0780766056514043,0.10014723007648,0.138656030638476,-0.0107427392103651,0.125082113586638,-0.0243533962619897,0.0713872864405252,0.0111387145277858,0.0879551132070858,-0.0280659022987928,0.091113679988976,-0.0216214782033393,0.083264418403368,-0.0283688458349982,0.091710770819219,-0.0471497312314185,0.0917825225519995,-0.0394243705147931,0.0762715967751493,-0.0422795293757,0.0822781730585564,-0.0620285853495007,0.100882348328738,-0.0783061090955419,0.0842357448316831,-0.0600678471236952,0.0703760729873199,-0.042457278774361,0.0512134864174703,-0.0350084882831905,0.0121427951173455,-0.00371807452915583,-0.0302215896300472,0.00760713757794077,-0.0226946042489615
0.188591510228515,0.0590614292183528,-0.211135517459532,0.0148447425683569,-0.27258737818282,0.115510848441528,0.0014522713545136,-0.0972923995024961,0.100599823472162,-0.151842400290497,0.39916651658493,-0.0312542668389862,-0.378849007415343,0.252521967181746,-0.190201336664832,0.210809978325186,0.261354501085194,-0.0983081382029582,0.152312159216157,-0.260669156344063,0.0985547961623383,-0.160908789707006,0.0293996829408886,-0.0018212756761509,-0.078701494679854,-0.0031275284753766,-0.0279857862757853,0.0506851754271578,-0.0525739085142252,0.0482785047084992,-0.0874047030204771,0.0173438872767626,-0.0477074948475186,0.0267755317100673,-0.073787561251295,0.0713694797100287,-0.0918356526355046,0.0623269101553119,-0.0653746153557418,0.0519075332522561,-0.05936427271254,0.0999673425357859,-0.101586089740974,0.127742390913401,-0.0965737650277107,0.0985607075326656,-0.0576908388491711,0.0655075000140329,-0.0456118549492207,0.048647383327676,0.00166577773674228,0.0186700666279597,0.0489552724059558,-0.00753224763514269,0.0506628100388481
-0.0270128916786725,-0.144342353036173,0.171652600182569,-0.0735510511261021,-0.146598760233319,0.421520714151053,-0.277603490641646,-0.203721442683823,0.468132807054976,-0.285230369511525,-0.222798710363417,0.286529182344944,0.234266683819305,-0.0261403228109733,-0.171382175053702,-0.0234668538652345,0.0691029338947017,0.173166442994133,-0.0796279349010073,-0.158072099380326,-0.125863535574874,-0.071394289609071,0.00264590302273699,0.0424894672831645,0.0728742944759822,-0.0512769648690223,-0.059022927485491,0.00101030999402543,0.00159333761191378,0.00458761601729779,-0.0172600386018116,-0.0362938080023079,-0.0184915304164305,-0.0121685520432965,-0.00645574210026907,-0.00797655122306451,-0.0116545988501175,-0.0162954329750737,-0.00730333268361514,-0.0152073648347913,-0.00484090540537461,-0.0248177242514508,-0.00963805190998941,-0.0171429865726436,-0.00858672061974504,-0.0265759972551732,-0.0146729394523862,-0.0159753603691836,-0.00459734490460208,-0.00567685975912237,-0.0273860132155239,0.00212005226708492,-0.0302077249167474,0.00884695670788444,-0.0288815867701488
0.0196883925076107,0.00209195557072484,-0.109202324097562,0.131536551810295,0.0314837991710284,-0.0994323329790641,0.146038371256346,-0.0261602637469273,-0.225281384582639,-0.0997739678931911,0.333929780203799,0.387564991829418,0.046422250288772,-0.19811274043548,-0.446680863161975,-0.368086664119411,0.113211791607284,0.203832147701311,0.197596975078658,0.130996677030495,-0.125947694342156,-0.0925191634882338,-0.148810889356216,0.144849504585755,0.0136686506268159,0.0249151761057646,-0.0129987966179839,-0.0672591670115281,0.00542861474513888,0.00904312164623966,0.0166538382338296,-0.0200762377187205,-0.00558073993633289,-0.0196105884809445,0.0166341991477981,-0.0259498500648827,0.00873601232668709,-0.0412712821732822,0.0181189621936782,-0.0515377537909783,0.00580112859197607,-0.0829489477175266,0.0235425046696072,-0.105371103122179,0.0287757734011185,-0.103360149295785,0.0121751518271415,-0.0628841345431272,0.00458322067092439,-0.0393944640372393,-0.0436808906013827,-0.0099293061860315,-0.073225626538288,0.00967116249179229,-0.0699539380531594
-0.00534894361494421,0.0511878433634973,0.0105584007209784,-0.0430965796425306,-0.0171636335856693,-0.0948576052230242,0.0962140652418605,0.159289617355377,-0.115312962623174,-0.125326105276815,-0.00762427922136594,0.123278163141208,-0.10175525689716,-0.226735370225816,0.149890845339438,0.394455493390509,0.377135242667168,-0.0875674971061632,-0.299681645574492,-0.292815896641351,-0.241130331549753,0.10608148605556,-0.0459878998314581,0.121638790933182,-0.184584780901734,-0.0574722802538397,-0.0711408185215354,-0.0194577080907775,0.0639043654214882,-0.0374406818346548,-0.0126487290610586,-0.0545950866646015,-0.00393432247472,-0.0390406183245753,0.0229991940957139,-0.0572730831289545,0.021316662520196,-0.0896131683889184,0.0312150373543525,-0.0953403371853896,0.0278921473598281,-0.154673854390598,0.0434649074848438,-0.202937266525487,0.0470328300338494,-0.183662251465265,0.0207110807222706,-0.120512868562774,0.00533373350705442,-0.0768244342489719,-0.090654243184861,-0.0129725221415826,-0.152253514066751,0.0308750023837041,-0.152173810027643
0.0484071271119531,0.0135807005529164,-0.035770495909861,0.000680319305889251,-0.0657344954586796,0.0999115739845546,-0.109497871642684,-0.0615283191248877,0.167853436294675,-0.0365293376679864,-0.0055683750625344,-0.158153212440706,-0.108519784820115,0.257910776307327,0.113875712011508,-0.0468943205386992,-0.157157640718778,-0.17371362711449,0.284979790856933,0.203983246061353,0.0910864172603659,0.0388441837941954,-0.289639460927678,0.016449257637496,-0.139986048016756,0.125325334548639,0.0375902040565053,-0.0353838515154999,-0.0795351438303038,-0.0432473631440635,-0.0290293318512966,0.0124076304312051,0.00577280514737819,0.00632704301281287,-0.0298980806154601,-0.0303060216612002,0.0087986130136271,-0.0645899667820404,0.00562822200968362,-0.111717789321264,-0.00683815733998027,-0.191538195187672,-0.0277210060922267,-0.246507544943027,0.000146219088729208,-0.258732626408483,-0.0610185748429711,-0.177844161712416,-0.0553767801104307,-0.0733888571442263,-0.24108840770222,0.0238443698854301,-0.315192016323557,0.0918884864497763,-0.324237872949128
-0.0239525666720643,-0.0561814063106851,0.0657608370197024,0.0256296495809175,-0.0578108714985808,0.0178425621689456,0.0264576214206121,0.0979444737470037,0.0230033663893388,-0.331866193356301,0.0926149411943836,0.425159066978868,-0.190343193251818,-0.400291858220116,0.210192423751708,0.271529005923466,-0.315741871347197,-0.223379413284401,0.0634979530986321,0.315373294389844,0.170205256392187,-0.114126490806259,0.0817857519686493,-0.123119110074482,0.0733201802787308,0.0478981629092648,0.0685342851974284,0.022357209274633,-0.035959157226804,0.0336651051907411,-0.0127266409019465,0.0286173081942738,0.00210598183716288,0.0248518144629604,-0.00487211380360371,0.0196627531545799,-0.0112373751415739,0.0378529889798176,-0.0254778299757947,0.0298016447496558,-0.0129303293354481,0.0399073933270711,-0.0404331305066084,0.0701997470640418,-0.0607546670562193,0.0626053060842748,-0.0556636377067917,0.0210503646333676,-0.0256960712226884,0.0328253243756303,-0.0420840508909015,0.0405121449852324,-0.0153416887961364,0.0244457540200192,-0.0131771713685686
0.0242452206367946,0.0254537696950706,-0.0141849816831796,-0.00340250879408078,-0.08492905602247,0.0827787275857042,-0.0329754049221846,0.019593902341224,0.11779869645326,-0.199213565713699,0.0220259725699445,0.0615675125771296,-0.0717631222494606,0.0588053136617724,-0.0390418723989126,-0.0565916147258984,0.0623898180912639,-0.284868592855789,0.0322615241901898,0.126009343887174,0.00884760515777003,0.443228225826901,-0.27642248705809,0.228179053865187,-0.176677143428267,0.209605955789365,0.114495422125452,-0.0246679715509647,0.164430794911156,-0.065746574521766,0.123267388295125,0.0252903941344102,0.0669356166474941,0.00750727970298538,0.105452600137757,-0.0376761934129171,0.147464638879626,-0.0283868581425087,0.11904785884679,0.00438662998837761,0.117859373834723,0.0422933826770194,0.163392176089807,0.045162025862184,0.182157588811003,0.0647200405916191,0.162683293951384,0.075998781231916,0.126128302723439,-0.0177640889473076,0.225520671513628,-0.0729376941302659,0.232621454980099,-0.0987519036382059,0.211418798986325
-0.00511115504709705,-0.0426850336022336,0.0438792335721792,-0.0126298441606571,0.00915485720574961,0.0180418140876383,-0.08302735074502,0.100451779990313,-0.00895230696345187,-0.113694840966688,0.108385266942448,0.066023334983741,-0.362831414964515,0.10726944245148,0.534996533820534,-0.251879880616217,-0.219719153288353,0.32555646983612,0.161891399226307,-0.213042291364464,-0.30944141811206,-0.152900630215024,-0.0635691335414391,0.17551829025103,0.0487520154783218,-0.0442083444120654,-0.150274177247601,-0.0348513335930786,0.0517882876181292,-0.0297961993313015,0.0448027785667924,-0.056356967282343,-0.0350673585191013,-0.0054969864685025,0.023114695420788,-0.021939374648177,0.0122956790670622,-0.042864869032384,0.042944740517654,-0.0195621552799753,0.0242052868528521,-0.0166362448088143,0.0352588611277697,-0.00257703490968433,0.0577546225760192,0.00715905817555879,0.0384989259131489,0.00873890423629326,0.0366402715084215,-0.00592693084284332,0.0772571016660961,-0.0365233168413026,0.095602781646013,-0.049761273796094,0.0785878521589868
0.0141662601989255,-0.00103160605289408,0.013875056313201,-0.0410142793913537,-0.0341005406228577,0.031643426856393,-0.0199014358523003,0.0918605385886085,0.00536899564429589,-0.0935794591584228,0.0383835297554279,0.146898233134477,-0.245531637970581,0.0797605051398313,0.123443786250916,-0.474045069667064,0.166944736517179,0.087388909096275,-0.318387472242333,-0.0294065674625386,0.257945204735132,0.44196387035119,0.281109284619236,-0.0577723320887691,0.0566767174690265,-0.0267341507072222,0.14287154135053,0.10019008526514,0.00114870678889876,0.0754947690488828,-0.014638823365359,0.0986411568375981,0.00785890601197746,0.0847713005708173,0.0257934321572059,0.0336260786227276,0.00241813424634157,0.0709718716921602,-0.0250292471930357,0.0738622930924841,-0.0366665697068922,0.0145413891297319,-0.0390742092702184,0.0035590163172287,-0.0554104690157234,0.0220003318517213,-0.104157869526936,-0.0106506301640915,-0.0516390086258725,0.0278246583988917,-0.120706939566479,0.0593146296521417,-0.15963267959879,0.100647146199124,-0.146855416982224
-0.00625085366263936,-0.0669237662894976,0.04277944372333,-0.0184267585978246,0.0217937666641683,0.0460318945281934,-0.0590984842518493,-0.0170117000326808,-0.0321898588078997,0.0459826238034887,0.00846722073219598,0.0722127683421002,-0.121198902554059,0.0444969584597132,0.148747844403084,-0.113441934717878,0.329109233352547,0.0629949188388241,-0.357065584265725,0.179029532019185,0.213911785330637,-0.280000670969263,-0.456888976355169,-0.377106201498976,0.106947806714672,0.154880848399025,-0.042438471238959,-0.106088030433294,-0.160270585464058,-0.117775023692648,0.0103887637651663,0.00654406900749042,-0.030540490716087,-0.0863699780062158,-0.0726904179568367,-0.0239949403851406,-0.0381451694027248,-0.0279946263598062,-0.0660330609619485,-0.0469593433502607,-0.0199097252345642,-0.035070623163309,0.00991769830941578,-0.0542246053175031,-0.00528002721295172,-0.0406016729914062,0.029135554882065,0.0131064234379909,0.0261648494099014,-0.0774903037810826,0.1161054824437,-0.0866427920597973,0.112506760174734,-0.108949514301105,0.0952812816521342
0.0243095810358935,0.0137338146140281,-0.0109725797653536,-0.0576928927419934,-0.0147781310060823,0.0253673643511349,-0.034123121717329,0.0187939139072073,0.0461444039286331,0.0460321676283613,-0.0993471806089316,-0.0194950048400761,-0.0859834680030232,0.154788601514435,0.0619609018056553,-0.136165603012191,0.301763839681054,-0.348970002564142,-0.131169799586177,0.482303384188451,-0.275705610050079,-0.347337142564168,0.231162955101995,0.372198367592816,0.129982648260733,-0.150022564652783,-0.0474338102903089,-0.0387156064078433,0.0720659208464556,0.103142806249241,0.00367679041364041,0.0367676980832112,-0.00227585343314456,-0.00497213697678349,0.0676688425084636,-0.00488882106625435,0.0207400599937387,0.0475921790537831,-0.0119613220323993,0.0382438841351946,0.00796444804613906,-0.00340904736594647,0.0163869294401172,0.0118008376830878,-0.0252566785753543,0.0402633009135282,-0.0230067391398363,0.00531421186697093,0.000723508905912428,0.0161764649721863,-0.0182439917266956,0.00885760009680794,-0.0126608559142593,0.0123180732260894,-0.0174847382356965
-0.00188191463238008,-0.0232258428596202,-0.000201639809814198,-0.0317904894793601,0.0116696401373637,0.0432147371801507,0.0110989964702402,-0.0117947137832585,-0.00688889759018497,-0.0240351719463199,-0.0123295406130884,0.0499678464622326,-0.0309926627873483,0.0689500316383434,0.0103793912400851,-0.0606271677766403,0.133755980075828,-0.0781697677814749,0.205118080780039,0.126232125639396,-0.585987964288085,0.15687007938252,0.269837708980276,-0.581215102685164,-0.173296407974446,0.170435045077484,0.129797445376152,-0.0310243726782811,-0.132210220579754,-0.105787971090237,-0.035349215609932,0.0141654431428776,0.0331328498810061,-0.053229660803801,-0.0387567182748643,-0.0421533952340082,-0.0333552892595224,-0.0127018783265209,-0.0131941287814415,-0.021829627633014,-0.00743510638412157,-0.0169035681950075,-0.00778907099835653,-0.003951482347643,-0.03102022908882,0.0195428335513329,-0.0135548459973641,0.00852122444103163,-0.00342761358742731,-0.0091048135766021,0.0249218635980179,0.00219484166998594,0.0322182878292821,-0.0117954512979841,0.0522012289578351
0.0037138836659616,0.0460653464607229,-0.0395268666997163,0.0140327908116995,0.0085555752309123,-0.0211201049807507,0.0276603925415776,-0.0106739318362646,-0.00938205495547184,-0.0283617579857671,0.0254561931426159,-0.0287392507562809,-0.00544097474939975,0.00454099337951571,0.00960134312687794,0.0813777364195897,0.0269690230544972,-0.160687405322095,0.0981942150999705,-0.0869113028733193,-0.221150380437126,0.333785505030523,-0.289094663575776,-0.0474357402680359,0.726832767212771,-0.158096684443066,-0.0286836792727848,-0.154587528222237,-0.157859090195634,0.229291986643246,-0.00655714000384049,0.0185615106656848,0.0693742997560398,-0.108199472956672,0.00243511617110258,0.0703461019260604,-0.0383422935797471,0.0497063608263189,-0.0391032906609914,0.000183558155061236,0.0154637220800552,0.035333432064303,-0.0424680509267018,0.0314267301629149,-0.0657753898725669,0.00773163333021617,-0.0153543320806627,0.0136222301042214,-0.0149695847240961,0.00591568247340268,-0.0215344133586865,0.0182252592272632,-0.0466034790752934,0.016753087299923,-0.0162921192489692
-0.00926082608893523,0.00118928211669013,0.011332853777786,0.0281062644979929,-0.0201666972285482,-0.00103685557635755,-0.0131340210671253,-0.00384605202346656,0.0336605389930838,-0.0266619856286639,0.0191363374894798,-0.0184542921174856,0.00569270046425027,-0.0298511504532463,0.062331910679125,-0.0269362360761377,0.00833556347207379,0.073526664128086,0.0214901375525689,0.10275146441908,-0.00455790807427838,0.0394082704681542,-0.200517725699464,0.0134971105805854,-0.26173887824049,-0.672317165195891,0.469823451991228,0.0696586305992141,-0.166011722373158,0.0517013563704921,-0.215693917141624,-0.140597677016805,0.0964644890875242,-0.164083467660584,0.0585438177084664,-0.0986847559075613,-0.0968900804836398,-0.0215149549475932,-0.0509073325598354,-0.0447699875855992,-0.0281549033068853,-0.0548958252344241,-0.0206087916349788,0.0308541864744694,-0.0433433737573398,0.0411804966364389,-0.0290784581583926,0.0165245067516268,-0.00183465953513988,0.01802525524401,0.0486575172830764,-0.0130778415581439,0.0776205676460688,-0.0324997960053116,0.0745773868372215
0.0127827910779909,0.00564798653631896,0.00374573186869942,-0.0167173883482729,-0.0176354053676388,-0.0109721090213698,-0.0123972888103801,0.0208683993925509,0.0284426470456188,-0.0107122684235789,-0.00327881727426164,0.0334372192195182,-0.0523580831465974,0.0117409893969399,-0.0562311213146332,-0.0344728787876153,-0.00133897955175247,-0.0980725409854103,0.0964448781964156,0.141278558759322,0.120132967506486,0.181452573201435,0.166907109094458,-0.0964968864449885,0.0387030195419324,-0.274849225771441,-0.474429635482317,0.401409049575185,-0.0835833252153467,0.0356169478533958,0.0229793754156576,-0.217552423397577,-0.048253248681167,0.0841317012113281,-0.166700466698114,0.114037650688609,-0.156178438306241,-0.0528156336344071,-0.00191148991693739,-0.116028345742111,-0.0292327185406886,-0.13613121557937,-0.0203433764165654,-0.175279414909815,0.067283087541172,-0.196758944911868,0.107219667551735,-0.0740787485315631,0.061118446182196,-0.13082654011369,0.115949554510535,-0.183817071554051,0.132649411674981,-0.222361835094901,0.0985698877481508
-0.00284901366149863,-0.00559016089378983,0.0010877901446043,-0.00243150518761071,0.00860329447210245,-0.0114215619407607,-0.0149288520483299,0.00787269476160785,0.00578011463346877,0.0125322638982122,0.0206453216631761,0.000979692060732008,-0.015150807709384,0.0154835121248602,-0.0238560796203407,-0.00843455876279369,0.0603963702222612,-0.0222362348765943,0.0552511036895097,0.106711424631496,-0.021425248901533,0.0775042152922132,-0.224792648377374,-0.238220588498734,0.0321587870502205,-0.230274852559903,-0.326327420131714,0.140290578017259,0.52962060643715,-0.282935414513247,-0.0698399344454533,-0.113862336556527,-0.112984559280335,0.0197647572733548,0.20041522726185,-0.260549370571878,0.0200334486966557,-0.0785688880391341,0.028452939190706,0.0782099170900706,-0.0158784122763701,0.0675618204626404,-0.00763912029278949,0.129051001165764,-0.0760716494317589,0.155550830082105,-0.108819992116265,0.047446339987643,-0.0692481888360043,0.154420819863107,-0.0899022668123221,0.154211052824301,-0.0781720820508298,0.196813965898964,-0.033439687395901
0.000679703770936398,-0.00188075356043972,0.0152584191968919,0.000345574361739714,-0.0221494591439241,0.0108392396187996,-0.0196610562890076,0.00249579960388073,0.0240185644368275,-0.0176701652895158,0.0274133371978266,-0.0145571130155878,-0.00854157961791278,0.00551757459303068,-0.0161156421980094,0.00153272846767065,-0.0703007361481447,0.0151478726693633,0.0355919513155996,0.027458081166258,0.137056825980369,0.119872636474117,0.172719622447097,-0.049361908674116,-0.105393030661898,-0.0653289048010303,-0.193216912851698,-0.578132477085578,0.252739854490941,0.177884739868262,-0.284458167267476,0.211395567702703,-0.20337869115061,-0.247413262837917,0.150532510954775,-0.0974867017461068,-0.0936284509508542,0.0902399110679847,-0.224520939981224,-0.0431884628689253,-0.026600401238787,-0.147962998692142,-0.0109320036492067,-0.11727605041184,-0.0724515588815774,-0.0699979288911263,-0.0203549220071065,-0.0270760454461993,0.0106951635213472,-0.105615124347247,0.0832509041389431,-0.110626721885673,0.089151372163725,-0.145393525898531,0.0681101490070602
-0.000356837337605364,-0.00677397444085137,0.0172715356430414,-0.00166317807850835,-0.0118816797316054,0.0105300077973216,-0.0190953163441423,-0.0122733772648125,0.00861575942527316,0.0127299105191091,0.00845339431558195,0.00751719259739064,-0.0231641069506006,-0.000223561843042356,0.000723260016377389,-0.01496751052681,0.0308182876001059,0.00499901745371772,-0.0161064043842688,0.0754484416554183,0.0847213762796984,0.105903928504788,0.0593938301030513,0.00420311890275519,-0.212191148866273,-0.109067615812438,-0.233361809363608,-0.407516758418679,-0.217176920024046,0.160171375220583,0.472205323429019,-0.350565747303183,0.000958419886189327,-0.154932369432942,-0.156609581473944,-0.0396812790128291,0.170011097857666,-0.233036861565068,0.113420665572448,-0.111264583391681,-0.0392449284713444,0.0953784273291197,-0.116596710167766,0.127271303014883,-0.0891081138761229,0.0807992356805613,-0.0773436210023165,0.0536991266180098,-0.0819524741539604,0.121193715810655,-0.0661906520104464,0.119957821354383,0.00217307564675296,0.0993825445961483,0.0192399134124762
7.85277430424452e-05,-0.000776247465215165,0.00400874986403722,0.0172470601609425,-0.00850065713441041,-0.0048405442047957,-0.00312563429268613,0.00350221206864493,-0.00272918630166312,-0.0230486477476064,0.0226798979409938,0.00566418599843873,-0.000438155514408954,0.00960633960082101,-0.0407572765492143,0.0483665459942432,-0.0241078100254031,-0.0391544236473969,0.0547531474216563,-0.0384830997671566,0.0158161529456426,0.0595291978790299,0.0760285007529651,0.11470252536064,0.0963747710674282,-0.224605003872971,0.00805222188453355,-0.0233048222358467,-0.268636465627468,-0.519552048029997,0.323962448103953,0.385514354338279,-0.236900580430866,0.0112914321336003,-0.111955244559796,-0.27401195722846,0.189593777880057,0.0257079244344215,-0.184645247000076,0.137296427182057,-0.150346526127072,-0.0981410057795756,0.052990368617712,-0.0998558465664182,-0.0572103011679861,0.0384139505160236,-0.0937314799149113,0.0243997049992828,0.0101014393724032,-0.0990510785617748,0.0597181233655398,-0.0283388818271011,0.00562771206522405,-0.0318986113553178,0.0340110020741882
-0.00763371777937066,0.00162918160817403,0.0204004453718132,-0.0015513071624775,0.000560030200015007,-0.0035542877772056,0.00249325970433562,0.00586713048816479,-0.0142410875649509,-0.00795863086450487,0.00545912829074735,0.00556308008401053,-0.00778181667433274,-0.00265652699501678,-0.00556872139123541,-0.0242469208382982,-0.0126596655815455,-0.00454257803678305,-0.0389428805713962,0.0186172461332854,0.0601391382179497,0.0792171158902101,0.116860616160923,0.221765714522555,0.0748071855863004,0.13395379546208,-0.136730024106747,-0.0254955702781673,-0.138504032630224,-0.48211847806406,-0.252106051006257,0.0517744082264202,0.423647056915479,-0.320758365613856,0.00911496340789154,-0.055379454116277,-0.22401504929303,-0.0539391422992764,0.146383740410975,-0.270199468167769,0.0724660477210878,0.00925299449939602,-0.231493323738678,0.111778592285087,-0.140764024543168,-0.0422975534804417,-0.00648914090485285,-0.00670472059254384,-0.0781575976114472,0.119362890912401,-0.06295524234781,0.0436684244382132,0.0577089072501038,-0.0350033952868264,0.077475056503151
0.00371167981378735,0.000307769359563247,-0.00529318680224805,-0.00640187340344027,-0.00240226651933235,0.00482671376170594,0.00947131993281362,0.00302015362433468,-0.00511088612726634,0.00723012256678455,-0.0020761608246056,-0.00929777936306522,-0.00852213810788482,0.00841842128038597,-0.0109629840572979,0.0170313131719594,-0.0131908387470587,-0.03085783595456,-0.0123901994453322,-0.00376679981399467,-0.00236376322589577,0.0360505865219601,0.0693181196949118,0.0854520553142091,0.173453319643876,0.0951745998443061,0.226117113302072,-0.217831930531766,0.140409535840145,-0.170003240136569,-0.190655706571469,-0.394970188807043,0.0505685528878856,0.391878118469851,-0.0715927098732695,-0.0734314414570585,0.0514129101765564,-0.298293338460698,0.0117032280010879,0.13363806762924,-0.331287894302081,0.0418034286422631,-0.174082823176538,-0.217060262844899,-0.102971978468872,-0.0626778278403444,-0.184702230771135,0.0901768945457666,-0.121545360624835,-0.0776348246110415,0.0858589097102089,-0.164618498426041,0.0951966550871591,-0.136534649216636,0.027097739055563
-0.0056220928139943,-0.000881207993745471,0.00471045462993797,0.0019238611431768,0.00220862130607322,-0.00366167513513474,0.00054458147890916,0.00328747766407929,0.00544823145906045,-0.00771151279828199,-0.00590613125891433,0.00413050064947829,0.000254137903255048,-0.00752242627170286,0.0094763489103618,-0.0065086848710841,-0.00444017357642922,0.019393249258296,0.00203634114018361,0.0242967213284914,-0.0634055276766676,-0.0201033696824589,-0.0552648870393539,-0.0579361371270919,-0.0208220697575968,-0.130685332318032,0.133663909655405,0.0829017838177947,0.404080494851701,-0.0499885303619345,0.151050205097812,0.261192288965761,-0.00297909217471552,-0.296301631060358,-0.269738793488183,0.431383194573379,0.246766731739587,-0.0167899921244289,0.0943435939335118,-0.140597739514588,-0.161707870277108,0.244203908144332,-0.237034000860694,-0.0475128146846207,-0.0330132241011906,-0.195842555056699,-0.0680798585772003,0.0810895245137321,-0.150724485214881,-0.0334906531468811,0.0098819431149302,-0.126440457612262,0.031552918689221,-0.109734248595738,-0.0659292261628942
0.000326041552662573,0.0106367076716326,-0.00506862533948962,-0.00116227288540505,0.00640348144279143,-0.00746727662574493,0.00857135018727353,0.00683630221257493,-0.00639053130793615,0.00435866940998096,-0.0134946905107287,-0.0206018446042958,0.00456668672617533,0.00908624204318712,-0.00748613434253961,-0.00476631286747384,-0.0125067680612027,-0.0105331941080698,-0.00758495760547052,-0.0316669050672298,-0.0126168240164426,0.0151724156091249,0.024561389204103,0.0864132310803234,0.0821234402399037,0.226308116483038,0.198536363128746,0.25279971886801,0.0309518045370431,-0.0360820722439603,0.208600739485664,-0.316903382487278,-0.364263600661575,-0.260580801238456,0.372376878258003,0.0880529147526811,0.040021646091635,0.00831137165670149,-0.311508439431515,-0.198350038980743,0.09145871863612,-0.168832170797571,-0.139169177710611,0.0116337113274607,-0.324807538024035,0.00510026530613222,-0.0693726876119294,-0.038844205301298,-0.0371593513508777,0.00276013988533141,-0.049480094565667,-0.00700750900345769,0.0512231589375042,-0.124182029553077,0.0794405629131209
-0.00476164354177676,-0.000945211037083884,0.00249528440440238,0.00077748348614106,0.000552593854687845,0.00271738442263259,0.00147649981788571,-0.00889413576865579,0.00516364000449541,0.00225793298547067,-0.000242135892053038,-0.00397291596214904,0.0154610248430223,-0.00896771932094191,-0.00130026822519581,0.0201692364036385,0.0081072292892333,0.00607798839080563,-0.024368807578713,-0.00198939760859643,-0.0437986636090302,-0.00450590823165583,-0.0724150805670165,-0.0586801547339087,-0.0520817927944249,-0.103159846041289,0.0679710941818479,-0.156060447956014,0.0568281049788176,-0.0310911821661064,0.369901520616012,0.115185267154636,-0.0236812521061829,0.355968117240288,0.262596764115502,-0.0217947297909001,-0.379905680649527,0.334688438710866,0.33856845957115,-0.0323696007569666,0.00262164982149869,-0.0763058940267785,-0.277223518094036,0.0936815287002736,-0.0695400640757156,-0.15317895729483,0.0064513687388634,-0.08856668415442,-0.0878412806692644,0.0972548303563006,-0.111252723749646,-0.114899584017291,0.102799182665714,-0.202545438475137,-0.0210069559144937
-0.00343009911455439,-0.00530799914606357,0.00906245078088922,0.00173475353682615,-0.00270082843525051,0.00365532209547766,-0.000685671907316398,-0.000425937253183703,-0.00198793426647635,-0.00602403373891055,0.00834765903366517,0.00252774058159263,-0.00398195146865619,0.0018834414503386,-0.00271906776110867,0.00418202544195897,0.0175611581303956,-0.011000773793364,-0.00571367184812941,0.0469215965078759,0.0101545995568793,0.0335093440200015,0.0422470792945598,-0.00588867745170855,0.014152229727351,-0.129312279711353,-0.00660887948795651,-0.197328717544694,-0.226078941156683,-0.297219012444248,-0.196423249643189,-0.0197235109393524,-0.414801960820004,0.147690071267671,0.28921586507059,0.461966780052595,-0.0202313573215667,-0.194899766539714,0.0346011250339435,-0.0978595510755168,0.081483625331998,0.280692263974639,0.0377329879707024,0.0656704349224183,0.256099269677585,-0.102287290430552,0.168393439962711,0.00769562976979156,0.0232752543833031,0.0751726748226202,-0.0455651999140501,0.0531820254044629,-0.0337729421382635,0.103736066682297,-0.0304690930615155
-0.0045519063345363,-0.00633348767937721,0.0038085047196555,0.00195246555983457,0.00281081607148156,0.00547470540413533,-0.000492360909099143,-0.00349765572964686,-0.000253346020709372,-0.0021814737444114,0.00287847941039176,0.00645587145988204,0.00820483287725574,-0.00950642825643547,0.000721628185080506,-0.00388406253375773,0.00211361486247635,0.0268596625110945,0.0160160214557389,-0.0080855060635507,-0.0228675956715437,-0.0172933495833129,-0.0726635043371842,-0.0635400755827382,-0.139990897174267,-0.119350986753941,-0.197463709228734,-0.0647717474445374,-0.0507992892415525,-0.0467671366640661,0.055258430700646,0.100573245309763,0.500998048549846,0.283391304834158,0.326377212668789,0.349232421957975,0.300642359561226,-0.0179321877821434,-0.335685493632028,0.0726006941130294,0.112173124101071,-0.0440760296417116,-0.0111394719531243,-0.0548906498636158,-0.285183508770376,0.0641194162989039,-0.0243621599217305,0.00959710082201801,0.0400725026277621,-0.0914584784868969,-0.0208733785901255,0.00564860202203438,-0.0404614709961858,-0.085708327104857,0.0426779338775568
0.00162166335763981,0.000331484711711549,-0.000232203961756205,-0.00120485491669176,-0.00182176425130143,-0.000166065447608706,-0.00388836666332783,0.00212411809484451,0.00790431418707737,0.000162241974115914,-0.00729677261918085,-0.000529137546413762,-0.0051223471157225,0.00679875738362494,0.00225535010584912,-0.00225974490809813,-0.00916643283287787,-0.0118745771501384,-0.00534446386065355,-0.00368939437010574,-0.011747962327288,-0.0116082441617331,0.00447141992882324,0.0110058933585118,0.0229688985634605,0.00645728577579791,0.106797545713575,0.0100155839565717,0.177838020208354,0.0775326037312451,0.267751835402309,0.22472903885675,0.12327857540644,0.110686582758389,-0.0300618416432579,-0.0133294456238386,-0.476858498708439,-0.480421309008852,-0.407894099319519,-0.24337139625957,-0.165500324105662,0.00346882257530906,-0.0378098828843193,0.0162756809700953,0.122995051593285,0.0814821174579831,0.166912222245829,0.0229040923690092,0.0976560407441244,0.0474155451189961,0.0172536404253376,0.0709933491114519,-0.0383098851665552,0.12602258354955,0.0336027624255357
-0.00528113837801043,-0.00375823549604156,0.0093544751252018,-0.000988796364823174,0.00147436296033625,0.00288329705767881,-0.00223888035905656,0.00448040485051919,-0.00307852504379062,-0.00137960488157747,0.00370678942489616,-0.00268541338357444,-0.003627485825158,-0.00273461625218481,0.00756626751080619,-0.00999950634902802,-0.00297425168384056,0.00623441213782484,-0.00490670936158375,0.0327637445111086,-0.0127612445542307,0.046011072481036,-0.0040597971238302,0.0490684064552916,0.00424915120912267,-0.0605361334127749,0.111934118423225,-0.208914814460925,0.218573528157267,-0.275528566802855,0.0745221256691812,-0.25689677151051,-0.0303348057439065,0.0607706571348755,-0.469345620783403,0.228210084290367,-0.259542799599067,0.218676079159931,-0.167106666510413,0.118191032205835,0.376751659720384,-0.0292368741861454,0.149981151546798,0.110573882391186,-0.190876552174245,0.0433760651860928,0.0419567338841439,-0.122534150229274,0.15474939149465,-0.165302913816654,0.0205487996287255,0.0776644526953672,-0.115777249251154,0.0273041660053106,-0.0117952393628022
-0.00122593209625987,0.00125044718628016,0.00272730565052395,-0.00212482318189048,0.00286537774709839,-0.00164472521294777,-0.00064208685834399,0.0053350937608433,-0.00594677745069621,0.00067518975330916,-0.001501975415749,-0.00229258697109027,-0.00825903187620564,0.00566447521981843,0.00457840092731998,-0.0134251203709674,0.0238484336089809,0.00544860925440426,-0.0170755593553627,0.00138515083917095,-0.00504107292153688,0.00153281406231983,-0.000960204595455757,-0.0198865627284903,0.0609715844257414,-0.0352229134936266,0.0725169349929866,-0.0182120633677681,0.0591581123662548,0.0726965586973951,-0.181005978203685,0.10579695959898,-0.110949434707609,0.309195958892159,-0.27178405159748,-0.178645421858232,0.37235103660676,-0.0385729535300063,-0.0991773040445566,-0.292878509874662,0.122152484677321,-0.12953870350168,-0.150054288072416,0.192336914726337,-0.0675075898844181,-0.148182273031662,0.274612542220345,-0.212160357569868,-0.0050063680440548,0.228874576405692,-0.244772716266255,0.209267787686903,0.0872419949499205,-0.146734377185017,0.249293382923469
-0.000663580833210088,-0.00159505928188216,0.00151554362522378,0.000353883186480449,0.00116805639320491,-0.000308409681548592,-0.00229246348986105,0.00200630482813346,0.00178266939031156,0.00088934544940751,-0.0021366449518109,0.000392190073446286,-8.93354823730585e-05,-0.000516171920830265,-0.00181391617624013,-0.00880873667536121,-0.00316150605469389,0.0044880155647275,0.00417518481528708,-0.00225331823257458,0.00426746832664289,-0.0124899537935709,0.00702273369487746,-0.00379180367589415,-0.0202630177405424,-0.00825414173451205,0.0121818733907513,0.077201195585099,-0.0403964243135004,0.112953572450655,0.0234934423071352,0.150562277191405,-0.0598794705156575,-0.0537599287387386,0.0071920566710421,-0.206006979207193,-0.102499620566959,-0.391993668024689,0.0196530296143469,0.377130128316646,0.555916516537315,0.344195715870056,-0.0977235710817002,-0.147473711929621,-0.185537100946326,-0.223073578589377,-0.0189681819382515,0.029247504998876,-0.0683951326600114,0.0021604094746198,-0.102765234991483,-0.0350753711418102,0.0624009523008387,-0.187265269827328,-0.00333520667912891
0.000584123260881016,0.000794043539013729,-0.00114194578047714,-0.000794595724701285,0.000487364769017575,0.00067661304161568,-0.00074570567425941,-0.00205808288919707,-0.000205105376342756,0.00574429902514715,-0.00327840646087649,-0.00825213879541555,0.0109664269575363,0.00354418521877379,-0.0085986577664828,0.0019805774855152,-0.00123002405321588,-0.00099353660767804,-0.000702589717946677,-0.00540150659912024,0.0160637347070087,-0.0121479129810308,-0.0147901746472338,-0.0105466945042897,0.0141723018941926,-0.0213670628040141,0.0235043995157332,0.0240366464630507,0.00141683405318651,0.0749787890852465,-0.0821253778206145,0.232406444284312,-0.180204085605181,0.0859800311604655,-0.0292533842193665,0.175535365300823,-0.0264548553213533,-0.325889474396213,0.500406115329737,-0.132720516439801,0.0753624187560718,-0.311838919283243,0.0198886360932606,-0.0720571004780552,-0.385757796945951,0.332349823003071,-0.0896406914456373,-0.00161906556471595,0.132554005600556,-0.173951479262456,0.152151207074799,0.0751877489114619,-0.10914687843012,0.0591834747267195,0.128102380034131
-0.0012068935722488,0.00199835390285337,-0.00231278420645073,0.00136857595784337,0.00364834418898105,-0.00530747269125169,0.00693995210239867,-0.000536954216801132,-0.00727568071857416,0.00437900860449012,0.00182895319857197,-0.00354082093317846,0.00853101878692277,-0.00525489461970236,-0.00953926042840735,0.00303885747974913,0.00362897928320098,0.0068513722550136,0.00211570171432177,-0.00228291035199061,-0.0148106288025073,-0.00131037708357952,0.0120235732587832,-0.00431564337349285,0.0113021126307532,-0.0230996793147756,-0.0156938116405754,0.00857070752079058,-0.0299624595054709,0.0277412871333673,-0.0523460867423327,0.0339390627031086,-0.0346975688193219,0.215218510906248,-0.0441616359008622,-0.181046787331591,0.097954515435338,0.0140339546454635,-0.0996578161655189,-0.461057760654287,0.343768179624168,0.0599501183636871,-0.0602836749541447,0.229845720826199,0.0403521934088026,0.0605501372799541,-0.228625847305672,0.23852608693389,-0.0513788770850597,-0.155026194011394,0.24292965797953,-0.306773815866138,0.0909545743078683,0.0799685378238653,-0.436928810013796
0.00227847185860672,0.000428516408947642,-0.00246715715931747,-5.64000570919236e-05,-0.00153887442816714,-0.00196079090220708,-0.000626619482213041,0.00194070081892225,0.00137242539970215,-0.000184546351363354,-0.00207111058429812,-0.00308958306421732,0.000667008073739468,0.00663948451206561,-0.00175898219527788,0.0018668720778558,-0.00373024291591734,-0.00431724719519924,0.0023849488208114,-0.0132119479537813,0.00272336206884114,0.00272113537262718,0.00493748507875806,0.00705356259048789,0.00428836335698933,0.008130721911183,0.000537981889116095,0.0139972832127544,-0.00536578393359622,0.0339121286538846,0.0194916455287674,0.0489246563061858,0.0260690294365244,0.0596686555394787,0.033239987316608,-0.0165703544299585,-0.0828929359146597,-0.0466955500028866,0.0409273159386427,-0.2236076078658,-0.173388479338932,0.248145153627658,0.668572971198145,0.163357980575208,-0.253507022804647,-0.296654428899493,-0.358561919182858,-0.192812399107761,-0.0487819095142689,0.0883338171467997,0.0167903469801755,0.0685514786409745,0.0406530959665264,-0.156722598838536,0.065752314911658
-0.000922865554569869,0.00184904052435454,-0.00136867158560305,-0.00294163695693875,0.00203786818600948,-0.00134808103131823,0.00745088856382897,-0.00667716927811507,-0.00873558141656948,0.0123993299090589,0.00334185249861313,-0.00503805142709207,0.0057690255012435,-0.00458021350281203,-0.011764175596806,0.00678116199606213,0.0135598022411117,0.000128982352203964,-0.00476966274466525,-0.00258596830505281,-0.00831515272426982,0.0172157447098079,-0.0128442275124806,-0.0136727360210593,0.0228863746659555,0.00571651225356526,-0.00719840102646142,-0.013169704653441,0.020295220756003,-0.0397719520581065,-0.0214954433625775,0.0283496690231595,0.0109876886935772,-0.0881994238219684,-0.0443396185181892,0.155907831274892,0.0095386686212687,-0.227098247365595,-0.00865762069826376,0.17748158806459,0.00371000002691991,-0.285550901383662,0.0440537009578772,0.244194500036118,0.277851361845056,0.222627579594058,-0.3091316543691,-0.148484662342227,0.187603616192301,0.0691539939265737,-0.358810999812586,-0.0226010877419509,0.315435726796676,-0.36154157966506,-0.300074570189611
0.000800345441686567,0.00168339907812059,-0.00197299128837427,-0.00336579789301176,0.00110202875242586,0.0012343446690294,0.000397605943826797,-0.00105297618851416,-0.000350831314067537,0.00784665189302406,-0.00337800086558802,-0.0059991911931039,0.00515910470320435,-0.00262756106295576,-0.00621086495555172,0.0067166937704167,0.00558932149387825,-0.0027001174429892,-0.00195872021642114,-0.00475651503225202,0.00204187399807331,-0.010162211693109,-0.0133443273636631,0.004646644534489,0.00770346598046658,-0.00515378556242925,0.0075631880171788,0.00782636106450542,0.0169952814035392,0.0259016203363506,0.0274188200939236,0.0166914962358692,0.0134512711848438,0.0762583799197077,0.00114726122068966,0.0218445297966548,-0.0316712353055255,0.122970319592111,-0.0421773896639076,-0.174050906213586,0.203203399687275,0.0779770848730975,-0.175031523633381,-0.286943602473198,0.363733583186294,0.0140774288444054,-0.582084717374213,-0.0372825555992878,0.033788023777217,-0.164002726860027,-0.0580583568026048,0.330858443404326,0.0509243673784509,0.0918864427887437,0.39691508881211
0.00029504654822741,0.000304781907822202,-0.00126608583683781,-0.00194818907081266,0.00185255298340778,-0.00123641597522466,-0.000257359518875004,0.00640176154419917,-0.0018768438663913,-0.000938137000881152,-0.00149139374737011,-0.000887487811755173,0.000218159146782943,0.00508656936632666,0.00513675016120972,-0.00959938093297156,-0.000982899721978354,0.0044938035177144,0.0018703665237804,0.000603888386933587,-0.00447015644314513,-0.00401316336760239,0.00419184724533326,-0.00314469293246588,-0.0150944862573135,-0.00140276709760221,-0.0116156037045506,0.0113452268877796,-0.0021766752337709,0.00676629649206414,-0.0181814514425559,-0.0583779927289256,-0.00789045467886242,-0.0245520224526396,0.0807596740250934,-0.183079817583534,0.0273873051676452,0.0536166953417366,0.0625806990223445,-0.122142617226484,-0.18021291857307,0.342952319813028,-0.129676797802215,0.122569800037976,-0.0258434185769762,0.0559204464465145,0.0983320230639792,0.12280941604413,0.504702357803326,-0.417141105815444,-0.150947576532686,0.172330743586264,-0.2905955412432,-0.390204124907051,-0.0621455779072071
0.000590927127081349,-0.000123605756860745,-0.00145620209015905,-0.000783982401540548,0.000610361230091317,-0.00183382421365249,0.00103700052180684,0.00179649354293812,-0.000825188765542336,0.00206247177183557,-0.00216085667650556,-0.000741542577329616,-4.53806809189466e-05,0.00239047837760874,0.00219085882233988,-0.00257424517970251,0.000780007337384457,-0.00718232455102976,-0.00405947613426396,0.0043209022547498,-0.00478710517446682,-0.00622276775923537,0.010369549868445,0.00491275438636645,0.00122568656613485,0.0151230932516625,-0.00271285147862531,0.0238376606426187,0.00209943770795801,0.0220221419181041,0.00190839528849164,0.0138512915337407,0.0231675373188221,-0.0281614451880757,0.0788220539663804,0.0144133830543031,0.0145695570189519,-0.15078389141268,-0.00322437124336561,0.224989480993923,-0.0332606617349481,-0.241817044504022,-0.128858864971708,0.531668320512854,0.138584255029836,-0.353608075583227,-0.0415333005292049,-0.0513453223240861,-0.269014713848831,-0.392514604249221,0.303102753988934,0.270336257192995,-0.122696833857993,0.00206759079345706,0.0543090545318155
0.000171183086261048,0.00017068620276256,-0.000659376966804325,-0.00131595916419627,0.00140225991035404,-0.00208206154352089,0.0012865536974422,-0.000409944464979882,-0.00387377651286079,0.00574210815063251,0.00113639130131375,-0.00142803562775536,-0.00045212407576558,-0.00330559298925183,0.00155481938848111,0.00734757287008274,0.00122072269772671,-0.00082743136519629,-0.0010181057020497,0.00101323890005333,-0.00034385990187087,-0.0101176950512676,0.00232531183837265,-0.00648468419875762,-0.00710864838766388,0.0100328254814967,0.00189133512910058,-0.00879413693903702,0.00226049392400422,0.00133647259655013,-0.00558676955216101,0.00351956492868033,-0.00691275647838975,-0.0128226492657169,-0.0241718432530364,0.033303157352524,0.0292542883823931,-0.0447687055376538,-0.0156918871189031,0.0994915899873476,0.0389559592040458,-0.190570086591923,-0.073703517436522,0.181390761841633,0.040043047603934,-0.314530257143339,-0.250159183071571,0.28519488881497,0.453317704572242,0.384938346404455,0.0423675615339753,-0.332329799262805,-0.36560638159869,0.0619655186035306,0.245937871077712
0.000387182832816275,0.000240160261786868,-0.00098386882721418,-5.57159853474692e-05,0.000218642386310163,-0.00191099636526004,0.000529558301603577,0.00117243488321004,0.000109793830695293,0.00181570490729872,-0.000382016234631266,-0.00270639563366262,-0.00170894374572653,0.00260104818607207,0.00439992000794157,-0.00428433350062061,-0.00305050044677395,0.00145870366875812,-0.00263455175744127,-0.00100817621482243,0.00195066318175403,0.0029358280017848,0.00155083368471783,0.00403642263540185,0.0059816835966677,-0.000947070198160772,0.00591492903738821,0.00510262782716887,0.0102396685489817,0.00867308649141049,-0.00208155489245214,0.00585628956080153,0.000729501919708722,0.0118965179203813,-0.00592404630200108,0.0139978470790335,-0.0334026076911675,0.00904706502410248,0.0446262231268483,-0.00223060340292015,-0.0466028101183143,-0.114295286018468,0.1513673369489,0.073852035890586,-0.115464358667247,-0.221799163231227,0.0761299445928515,0.454334636365152,0.03180809171866,-0.359648301496241,-0.530823419868604,-0.070922866386841,0.348326292191271,0.348439243174944,0.133243572616257
0.00104167368136768,0.000838991915956536,-0.0012387837679702,-0.000295806244747103,-0.000790522940703222,0.000374670349136604,0.000405994212148853,-0.000558761685432864,0.000553863101554302,-0.000457423553863228,-0.000755919371551421,-0.000215947261767344,-0.00115137660148729,0.00140552369920924,-0.000181795205007541,-0.000360270630760809,0.000973900312439444,-0.00223581523782967,0.000991589280209054,-0.000179490242381318,0.00137873157213531,-0.00074346191482994,0.00437384689575088,-0.000521639528754196,0.00239158275720685,0.0123368564058943,0.00205588094434462,0.0189854002127217,-0.010198984029979,0.0228110739513441,-0.00754152012693759,0.0157916011973944,0.0150209851590561,-0.0263904180971251,0.0530284827341749,-0.0444398446003365,0.0732850899088095,-0.0219678596615255,0.00891393011666362,0.0828434963878868,-0.100847487986655,0.176036921472907,-0.230097412519293,0.0896888628944339,-0.133533313689087,-0.119154592500611,-0.0581896795772012,-0.566677276224251,0.420574464689879,-0.110239987779935,0.0990218054994889,-0.160659440228356,0.302179348655694,0.450156094735309,-0.0520796371995649
0.000169037496182088,0.000629204974162282,-0.000583488691797515,0.000122738423893588,-7.33199788760332e-05,0.000261283684430917,0.000144493385257476,-5.97666085984542e-05,-0.000156137526176427,-0.00032573509103978,0.000422917920985511,2.24982382070151e-05,-0.000362769483629084,0.000487073424939374,0.000293351530030471,-0.00150018804611077,-0.000353013519961553,0.000558590601170852,-0.00103461689189555,0.000265830125875072,0.00103932050289339,0.000441991645823285,-0.00149586791759513,0.000875162553221272,-0.000912648876735599,-0.000695730016117816,0.000353086330758452,-0.00161522624642261,0.00354869694777056,-0.00104727570862072,0.00731353511033263,-0.00276621808879184,0.013067436391253,-0.0214515724982904,0.015910814789937,-0.0443888160612952,0.0163803924928038,-0.0656363585218327,-0.00376797172879769,-0.0304163364959237,0.0350076688077508,0.110043893044963,0.0522054459949374,0.18303905531883,0.136578451545496,0.265654147680126,-0.00545156078010253,-0.299768389271337,-0.288643244081655,-0.241225009499071,-0.283081667491939,-0.563992082047488,-0.315264110168986,0.00400659880753072,0.351747602642085
